INSERT INTO "ezcobj_state" ("default_language_id", "group_id", "id", "identifier", "language_mask", "priority") VALUES (2,2,1,'not_locked',3,0);
INSERT INTO "ezcobj_state" ("default_language_id", "group_id", "id", "identifier", "language_mask", "priority") VALUES (2,2,2,'locked',3,1);

INSERT INTO "ezcobj_state_group" ("default_language_id", "id", "identifier", "language_mask") VALUES (2,2,'ez_lock',3);

INSERT INTO "ezcobj_state_group_language" ("contentobject_state_group_id", "description", "language_id", "name", "real_language_id") VALUES (2,'',3,'Lock',2);

INSERT INTO "ezcobj_state_language" ("contentobject_state_id", "description", "language_id", "name") VALUES (1,'',3,'Not locked');
INSERT INTO "ezcobj_state_language" ("contentobject_state_id", "description", "language_id", "name") VALUES (2,'',3,'Locked');

INSERT INTO "ezcobj_state_link" ("contentobject_id", "contentobject_state_id") VALUES (1,1);
INSERT INTO "ezcobj_state_link" ("contentobject_id", "contentobject_state_id") VALUES (4,1);
INSERT INTO "ezcobj_state_link" ("contentobject_id", "contentobject_state_id") VALUES (10,1);
INSERT INTO "ezcobj_state_link" ("contentobject_id", "contentobject_state_id") VALUES (11,1);
INSERT INTO "ezcobj_state_link" ("contentobject_id", "contentobject_state_id") VALUES (12,1);
INSERT INTO "ezcobj_state_link" ("contentobject_id", "contentobject_state_id") VALUES (13,1);
INSERT INTO "ezcobj_state_link" ("contentobject_id", "contentobject_state_id") VALUES (14,1);
INSERT INTO "ezcobj_state_link" ("contentobject_id", "contentobject_state_id") VALUES (41,1);
INSERT INTO "ezcobj_state_link" ("contentobject_id", "contentobject_state_id") VALUES (42,1);
INSERT INTO "ezcobj_state_link" ("contentobject_id", "contentobject_state_id") VALUES (49,1);
INSERT INTO "ezcobj_state_link" ("contentobject_id", "contentobject_state_id") VALUES (50,1);
INSERT INTO "ezcobj_state_link" ("contentobject_id", "contentobject_state_id") VALUES (51,1);

INSERT INTO "ezcontent_language" ("disabled", "id", "locale", "name") VALUES (0,2,'eng-GB','English (United Kingdom)');

INSERT INTO "ezcontentclass" ("always_available", "contentobject_name", "created", "creator_id", "id", "identifier", "initial_language_id", "is_container", "language_mask", "modified", "modifier_id", "remote_id", "serialized_description_list", "serialized_name_list", "sort_field", "sort_order", "url_alias_name", "version") VALUES (1,'<short_name|name>',1024392098,14,1,'folder',2,1,2,1448831672,14,'a3d405b81be900468eb153d774f4f0d2','a:0:{}','a:1:{s:6:"eng-GB";s:6:"Folder";}',1,1,NULL,0);
INSERT INTO "ezcontentclass" ("always_available", "contentobject_name", "created", "creator_id", "id", "identifier", "initial_language_id", "is_container", "language_mask", "modified", "modifier_id", "remote_id", "serialized_description_list", "serialized_name_list", "sort_field", "sort_order", "url_alias_name", "version") VALUES (0,'<short_title|title>',1024392098,14,2,'article',2,1,3,1082454989,14,'c15b600eb9198b1924063b5a68758232',NULL,'a:2:{s:6:"eng-GB";s:7:"Article";s:16:"always-available";s:6:"eng-GB";}',1,1,NULL,0);
INSERT INTO "ezcontentclass" ("always_available", "contentobject_name", "created", "creator_id", "id", "identifier", "initial_language_id", "is_container", "language_mask", "modified", "modifier_id", "remote_id", "serialized_description_list", "serialized_name_list", "sort_field", "sort_order", "url_alias_name", "version") VALUES (1,'<name>',1024392098,14,3,'user_group',2,1,3,1048494743,14,'25b4268cdcd01921b808a0d854b877ef',NULL,'a:2:{s:6:"eng-GB";s:10:"User group";s:16:"always-available";s:6:"eng-GB";}',1,1,NULL,0);
INSERT INTO "ezcontentclass" ("always_available", "contentobject_name", "created", "creator_id", "id", "identifier", "initial_language_id", "is_container", "language_mask", "modified", "modifier_id", "remote_id", "serialized_description_list", "serialized_name_list", "sort_field", "sort_order", "url_alias_name", "version") VALUES (1,'<first_name> <last_name>',1024392098,14,4,'user',2,0,3,1082018364,14,'40faa822edc579b02c25f6bb7beec3ad',NULL,'a:2:{s:6:"eng-GB";s:4:"User";s:16:"always-available";s:6:"eng-GB";}',1,1,NULL,0);
INSERT INTO "ezcontentclass" ("always_available", "contentobject_name", "created", "creator_id", "id", "identifier", "initial_language_id", "is_container", "language_mask", "modified", "modifier_id", "remote_id", "serialized_description_list", "serialized_name_list", "sort_field", "sort_order", "url_alias_name", "version") VALUES (1,'<name>',1031484992,8,5,'image',2,0,3,1048494784,14,'f6df12aa74e36230eb675f364fccd25a',NULL,'a:2:{s:6:"eng-GB";s:5:"Image";s:16:"always-available";s:6:"eng-GB";}',1,1,NULL,0);
INSERT INTO "ezcontentclass" ("always_available", "contentobject_name", "created", "creator_id", "id", "identifier", "initial_language_id", "is_container", "language_mask", "modified", "modifier_id", "remote_id", "serialized_description_list", "serialized_name_list", "sort_field", "sort_order", "url_alias_name", "version") VALUES (1,'<name>',1052385472,14,12,'file',2,0,3,1052385669,14,'637d58bfddf164627bdfd265733280a0',NULL,'a:2:{s:6:"eng-GB";s:4:"File";s:16:"always-available";s:6:"eng-GB";}',1,1,NULL,0);

INSERT INTO "ezcontentclass_attribute" ("can_translate", "category", "contentclass_id", "data_float1", "data_float2", "data_float3", "data_float4", "data_int1", "data_int2", "data_int3", "data_int4", "data_text1", "data_text2", "data_text3", "data_text4", "data_text5", "data_type_string", "id", "identifier", "is_information_collector", "is_required", "is_searchable", "placement", "serialized_data_text", "serialized_description_list", "serialized_name_list", "version") VALUES (1,'',2,0,0,0,0,255,0,0,0,'New article','','','','','ezstring',1,'title',0,1,1,1,NULL,NULL,'a:2:{s:6:"eng-GB";s:5:"Title";s:16:"always-available";s:6:"eng-GB";}',0);
INSERT INTO "ezcontentclass_attribute" ("can_translate", "category", "contentclass_id", "data_float1", "data_float2", "data_float3", "data_float4", "data_int1", "data_int2", "data_int3", "data_int4", "data_text1", "data_text2", "data_text3", "data_text4", "data_text5", "data_type_string", "id", "identifier", "is_information_collector", "is_required", "is_searchable", "placement", "serialized_data_text", "serialized_description_list", "serialized_name_list", "version") VALUES (1,'',1,NULL,NULL,NULL,NULL,255,0,NULL,NULL,'Folder',NULL,NULL,NULL,NULL,'ezstring',4,'name',0,1,1,1,'N;','a:0:{}','a:1:{s:6:"eng-GB";s:4:"Name";}',0);
INSERT INTO "ezcontentclass_attribute" ("can_translate", "category", "contentclass_id", "data_float1", "data_float2", "data_float3", "data_float4", "data_int1", "data_int2", "data_int3", "data_int4", "data_text1", "data_text2", "data_text3", "data_text4", "data_text5", "data_type_string", "id", "identifier", "is_information_collector", "is_required", "is_searchable", "placement", "serialized_data_text", "serialized_description_list", "serialized_name_list", "version") VALUES (1,'',3,0,0,0,0,255,0,0,0,'','','','',NULL,'ezstring',6,'name',0,1,1,1,NULL,NULL,'a:2:{s:6:"eng-GB";s:4:"Name";s:16:"always-available";s:6:"eng-GB";}',0);
INSERT INTO "ezcontentclass_attribute" ("can_translate", "category", "contentclass_id", "data_float1", "data_float2", "data_float3", "data_float4", "data_int1", "data_int2", "data_int3", "data_int4", "data_text1", "data_text2", "data_text3", "data_text4", "data_text5", "data_type_string", "id", "identifier", "is_information_collector", "is_required", "is_searchable", "placement", "serialized_data_text", "serialized_description_list", "serialized_name_list", "version") VALUES (1,'',3,0,0,0,0,255,0,0,0,'','','','',NULL,'ezstring',7,'description',0,0,1,2,NULL,NULL,'a:2:{s:6:"eng-GB";s:11:"Description";s:16:"always-available";s:6:"eng-GB";}',0);
INSERT INTO "ezcontentclass_attribute" ("can_translate", "category", "contentclass_id", "data_float1", "data_float2", "data_float3", "data_float4", "data_int1", "data_int2", "data_int3", "data_int4", "data_text1", "data_text2", "data_text3", "data_text4", "data_text5", "data_type_string", "id", "identifier", "is_information_collector", "is_required", "is_searchable", "placement", "serialized_data_text", "serialized_description_list", "serialized_name_list", "version") VALUES (1,'',4,0,0,0,0,255,0,0,0,'','','','','','ezstring',8,'first_name',0,1,1,1,NULL,NULL,'a:2:{s:6:"eng-GB";s:10:"First name";s:16:"always-available";s:6:"eng-GB";}',0);
INSERT INTO "ezcontentclass_attribute" ("can_translate", "category", "contentclass_id", "data_float1", "data_float2", "data_float3", "data_float4", "data_int1", "data_int2", "data_int3", "data_int4", "data_text1", "data_text2", "data_text3", "data_text4", "data_text5", "data_type_string", "id", "identifier", "is_information_collector", "is_required", "is_searchable", "placement", "serialized_data_text", "serialized_description_list", "serialized_name_list", "version") VALUES (1,'',4,0,0,0,0,255,0,0,0,'','','','','','ezstring',9,'last_name',0,1,1,2,NULL,NULL,'a:2:{s:6:"eng-GB";s:9:"Last name";s:16:"always-available";s:6:"eng-GB";}',0);
INSERT INTO "ezcontentclass_attribute" ("can_translate", "category", "contentclass_id", "data_float1", "data_float2", "data_float3", "data_float4", "data_int1", "data_int2", "data_int3", "data_int4", "data_text1", "data_text2", "data_text3", "data_text4", "data_text5", "data_type_string", "id", "identifier", "is_information_collector", "is_required", "is_searchable", "placement", "serialized_data_text", "serialized_description_list", "serialized_name_list", "version") VALUES (0,'',4,0,0,0,0,7,10,0,0,'','','','','','ezuser',12,'user_account',0,1,0,3,NULL,NULL,'a:2:{s:6:"eng-GB";s:12:"User account";s:16:"always-available";s:6:"eng-GB";}',0);
INSERT INTO "ezcontentclass_attribute" ("can_translate", "category", "contentclass_id", "data_float1", "data_float2", "data_float3", "data_float4", "data_int1", "data_int2", "data_int3", "data_int4", "data_text1", "data_text2", "data_text3", "data_text4", "data_text5", "data_type_string", "id", "identifier", "is_information_collector", "is_required", "is_searchable", "placement", "serialized_data_text", "serialized_description_list", "serialized_name_list", "version") VALUES (1,'',5,0,0,0,0,150,0,0,0,'','','','',NULL,'ezstring',116,'name',0,1,1,1,NULL,NULL,'a:2:{s:6:"eng-GB";s:4:"Name";s:16:"always-available";s:6:"eng-GB";}',0);
INSERT INTO "ezcontentclass_attribute" ("can_translate", "category", "contentclass_id", "data_float1", "data_float2", "data_float3", "data_float4", "data_int1", "data_int2", "data_int3", "data_int4", "data_text1", "data_text2", "data_text3", "data_text4", "data_text5", "data_type_string", "id", "identifier", "is_information_collector", "is_required", "is_searchable", "placement", "serialized_data_text", "serialized_description_list", "serialized_name_list", "version") VALUES (1,'',5,0,0,0,0,10,0,0,0,'','','','',NULL,'ezrichtext',117,'caption',0,0,1,2,NULL,NULL,'a:2:{s:6:"eng-GB";s:7:"Caption";s:16:"always-available";s:6:"eng-GB";}',0);
INSERT INTO "ezcontentclass_attribute" ("can_translate", "category", "contentclass_id", "data_float1", "data_float2", "data_float3", "data_float4", "data_int1", "data_int2", "data_int3", "data_int4", "data_text1", "data_text2", "data_text3", "data_text4", "data_text5", "data_type_string", "id", "identifier", "is_information_collector", "is_required", "is_searchable", "placement", "serialized_data_text", "serialized_description_list", "serialized_name_list", "version") VALUES (1,'',5,0,0,0,0,10,0,0,0,'','','','',NULL,'ezimage',118,'image',0,0,0,3,NULL,NULL,'a:2:{s:6:"eng-GB";s:5:"Image";s:16:"always-available";s:6:"eng-GB";}',0);
INSERT INTO "ezcontentclass_attribute" ("can_translate", "category", "contentclass_id", "data_float1", "data_float2", "data_float3", "data_float4", "data_int1", "data_int2", "data_int3", "data_int4", "data_text1", "data_text2", "data_text3", "data_text4", "data_text5", "data_type_string", "id", "identifier", "is_information_collector", "is_required", "is_searchable", "placement", "serialized_data_text", "serialized_description_list", "serialized_name_list", "version") VALUES (1,'',1,NULL,NULL,NULL,NULL,5,NULL,NULL,NULL,NULL,NULL,NULL,NULL,NULL,'ezrichtext',119,'short_description',0,0,1,3,'N;','a:0:{}','a:1:{s:6:"eng-GB";s:17:"Short description";}',0);
INSERT INTO "ezcontentclass_attribute" ("can_translate", "category", "contentclass_id", "data_float1", "data_float2", "data_float3", "data_float4", "data_int1", "data_int2", "data_int3", "data_int4", "data_text1", "data_text2", "data_text3", "data_text4", "data_text5", "data_type_string", "id", "identifier", "is_information_collector", "is_required", "is_searchable", "placement", "serialized_data_text", "serialized_description_list", "serialized_name_list", "version") VALUES (1,'',2,0,0,0,0,10,0,0,0,'','','','','','ezrichtext',120,'intro',0,1,1,4,NULL,NULL,'a:2:{s:6:"eng-GB";s:5:"Intro";s:16:"always-available";s:6:"eng-GB";}',0);
INSERT INTO "ezcontentclass_attribute" ("can_translate", "category", "contentclass_id", "data_float1", "data_float2", "data_float3", "data_float4", "data_int1", "data_int2", "data_int3", "data_int4", "data_text1", "data_text2", "data_text3", "data_text4", "data_text5", "data_type_string", "id", "identifier", "is_information_collector", "is_required", "is_searchable", "placement", "serialized_data_text", "serialized_description_list", "serialized_name_list", "version") VALUES (1,'',2,0,0,0,0,20,0,0,0,'','','','','','ezrichtext',121,'body',0,0,1,5,NULL,NULL,'a:2:{s:6:"eng-GB";s:4:"Body";s:16:"always-available";s:6:"eng-GB";}',0);
INSERT INTO "ezcontentclass_attribute" ("can_translate", "category", "contentclass_id", "data_float1", "data_float2", "data_float3", "data_float4", "data_int1", "data_int2", "data_int3", "data_int4", "data_text1", "data_text2", "data_text3", "data_text4", "data_text5", "data_type_string", "id", "identifier", "is_information_collector", "is_required", "is_searchable", "placement", "serialized_data_text", "serialized_description_list", "serialized_name_list", "version") VALUES (0,'',2,0,0,0,0,0,0,0,0,'','','','','','ezboolean',123,'enable_comments',0,0,0,6,NULL,NULL,'a:2:{s:6:"eng-GB";s:15:"Enable comments";s:16:"always-available";s:6:"eng-GB";}',0);
INSERT INTO "ezcontentclass_attribute" ("can_translate", "category", "contentclass_id", "data_float1", "data_float2", "data_float3", "data_float4", "data_int1", "data_int2", "data_int3", "data_int4", "data_text1", "data_text2", "data_text3", "data_text4", "data_text5", "data_type_string", "id", "identifier", "is_information_collector", "is_required", "is_searchable", "placement", "serialized_data_text", "serialized_description_list", "serialized_name_list", "version") VALUES (1,'',12,0,0,0,0,0,0,0,0,'New file','','','',NULL,'ezstring',146,'name',0,1,1,1,NULL,NULL,'a:2:{s:6:"eng-GB";s:4:"Name";s:16:"always-available";s:6:"eng-GB";}',0);
INSERT INTO "ezcontentclass_attribute" ("can_translate", "category", "contentclass_id", "data_float1", "data_float2", "data_float3", "data_float4", "data_int1", "data_int2", "data_int3", "data_int4", "data_text1", "data_text2", "data_text3", "data_text4", "data_text5", "data_type_string", "id", "identifier", "is_information_collector", "is_required", "is_searchable", "placement", "serialized_data_text", "serialized_description_list", "serialized_name_list", "version") VALUES (1,'',12,0,0,0,0,10,0,0,0,'','','','',NULL,'ezrichtext',147,'description',0,0,1,2,NULL,NULL,'a:2:{s:6:"eng-GB";s:11:"Description";s:16:"always-available";s:6:"eng-GB";}',0);
INSERT INTO "ezcontentclass_attribute" ("can_translate", "category", "contentclass_id", "data_float1", "data_float2", "data_float3", "data_float4", "data_int1", "data_int2", "data_int3", "data_int4", "data_text1", "data_text2", "data_text3", "data_text4", "data_text5", "data_type_string", "id", "identifier", "is_information_collector", "is_required", "is_searchable", "placement", "serialized_data_text", "serialized_description_list", "serialized_name_list", "version") VALUES (1,'',12,0,0,0,0,0,0,0,0,'','','','',NULL,'ezbinaryfile',148,'file',0,1,0,3,NULL,NULL,'a:2:{s:6:"eng-GB";s:4:"File";s:16:"always-available";s:6:"eng-GB";}',0);
INSERT INTO "ezcontentclass_attribute" ("can_translate", "category", "contentclass_id", "data_float1", "data_float2", "data_float3", "data_float4", "data_int1", "data_int2", "data_int3", "data_int4", "data_text1", "data_text2", "data_text3", "data_text4", "data_text5", "data_type_string", "id", "identifier", "is_information_collector", "is_required", "is_searchable", "placement", "serialized_data_text", "serialized_description_list", "serialized_name_list", "version") VALUES (1,'',2,0,0,0,0,255,0,0,0,'','','','','','ezstring',152,'short_title',0,0,1,2,NULL,NULL,'a:2:{s:6:"eng-GB";s:11:"Short title";s:16:"always-available";s:6:"eng-GB";}',0);
INSERT INTO "ezcontentclass_attribute" ("can_translate", "category", "contentclass_id", "data_float1", "data_float2", "data_float3", "data_float4", "data_int1", "data_int2", "data_int3", "data_int4", "data_text1", "data_text2", "data_text3", "data_text4", "data_text5", "data_type_string", "id", "identifier", "is_information_collector", "is_required", "is_searchable", "placement", "serialized_data_text", "serialized_description_list", "serialized_name_list", "version") VALUES (1,'',2,0,0,0,0,1,0,0,0,'','','','','','ezauthor',153,'author',0,0,0,3,NULL,NULL,'a:2:{s:6:"eng-GB";s:6:"Author";s:16:"always-available";s:6:"eng-GB";}',0);
INSERT INTO "ezcontentclass_attribute" ("can_translate", "category", "contentclass_id", "data_float1", "data_float2", "data_float3", "data_float4", "data_int1", "data_int2", "data_int3", "data_int4", "data_text1", "data_text2", "data_text3", "data_text4", "data_text5", "data_type_string", "id", "identifier", "is_information_collector", "is_required", "is_searchable", "placement", "serialized_data_text", "serialized_description_list", "serialized_name_list", "version") VALUES (1,'',2,0,0,0,0,0,0,0,0,'','','','','','ezobjectrelation',154,'image',0,0,1,7,NULL,NULL,'a:2:{s:6:"eng-GB";s:5:"Image";s:16:"always-available";s:6:"eng-GB";}',0);
INSERT INTO "ezcontentclass_attribute" ("can_translate", "category", "contentclass_id", "data_float1", "data_float2", "data_float3", "data_float4", "data_int1", "data_int2", "data_int3", "data_int4", "data_text1", "data_text2", "data_text3", "data_text4", "data_text5", "data_type_string", "id", "identifier", "is_information_collector", "is_required", "is_searchable", "placement", "serialized_data_text", "serialized_description_list", "serialized_name_list", "version") VALUES (1,'',1,NULL,NULL,NULL,NULL,100,0,NULL,NULL,NULL,NULL,NULL,NULL,NULL,'ezstring',155,'short_name',0,0,1,2,'N;','a:0:{}','a:1:{s:6:"eng-GB";s:10:"Short name";}',0);
INSERT INTO "ezcontentclass_attribute" ("can_translate", "category", "contentclass_id", "data_float1", "data_float2", "data_float3", "data_float4", "data_int1", "data_int2", "data_int3", "data_int4", "data_text1", "data_text2", "data_text3", "data_text4", "data_text5", "data_type_string", "id", "identifier", "is_information_collector", "is_required", "is_searchable", "placement", "serialized_data_text", "serialized_description_list", "serialized_name_list", "version") VALUES (1,'',1,NULL,NULL,NULL,NULL,20,NULL,NULL,NULL,NULL,NULL,NULL,NULL,NULL,'ezrichtext',156,'description',0,0,1,4,'N;','a:0:{}','a:1:{s:6:"eng-GB";s:11:"Description";}',0);
INSERT INTO "ezcontentclass_attribute" ("can_translate", "category", "contentclass_id", "data_float1", "data_float2", "data_float3", "data_float4", "data_int1", "data_int2", "data_int3", "data_int4", "data_text1", "data_text2", "data_text3", "data_text4", "data_text5", "data_type_string", "id", "identifier", "is_information_collector", "is_required", "is_searchable", "placement", "serialized_data_text", "serialized_description_list", "serialized_name_list", "version") VALUES (1,'',4,0,0,0,0,10,0,0,0,'','','','','','eztext',179,'signature',0,0,1,4,NULL,NULL,'a:2:{s:6:"eng-GB";s:9:"Signature";s:16:"always-available";s:6:"eng-GB";}',0);
INSERT INTO "ezcontentclass_attribute" ("can_translate", "category", "contentclass_id", "data_float1", "data_float2", "data_float3", "data_float4", "data_int1", "data_int2", "data_int3", "data_int4", "data_text1", "data_text2", "data_text3", "data_text4", "data_text5", "data_type_string", "id", "identifier", "is_information_collector", "is_required", "is_searchable", "placement", "serialized_data_text", "serialized_description_list", "serialized_name_list", "version") VALUES (1,'',4,0,0,0,0,10,0,0,0,'','','','','','ezimage',180,'image',0,0,0,5,NULL,NULL,'a:2:{s:6:"eng-GB";s:5:"Image";s:16:"always-available";s:6:"eng-GB";}',0);

INSERT INTO "ezcontentclass_classgroup" ("contentclass_id", "contentclass_version", "group_id", "group_name") VALUES (1,0,1,'Content');
INSERT INTO "ezcontentclass_classgroup" ("contentclass_id", "contentclass_version", "group_id", "group_name") VALUES (2,0,1,'Content');
INSERT INTO "ezcontentclass_classgroup" ("contentclass_id", "contentclass_version", "group_id", "group_name") VALUES (3,0,2,'Users');
INSERT INTO "ezcontentclass_classgroup" ("contentclass_id", "contentclass_version", "group_id", "group_name") VALUES (4,0,2,'Users');
INSERT INTO "ezcontentclass_classgroup" ("contentclass_id", "contentclass_version", "group_id", "group_name") VALUES (5,0,3,'Media');
INSERT INTO "ezcontentclass_classgroup" ("contentclass_id", "contentclass_version", "group_id", "group_name") VALUES (12,0,3,'Media');

INSERT INTO "ezcontentclass_name" ("contentclass_id", "contentclass_version", "language_id", "language_locale", "name") VALUES (1,0,2,'eng-GB','Folder');
INSERT INTO "ezcontentclass_name" ("contentclass_id", "contentclass_version", "language_id", "language_locale", "name") VALUES (2,0,3,'eng-GB','Article');
INSERT INTO "ezcontentclass_name" ("contentclass_id", "contentclass_version", "language_id", "language_locale", "name") VALUES (3,0,3,'eng-GB','User group');
INSERT INTO "ezcontentclass_name" ("contentclass_id", "contentclass_version", "language_id", "language_locale", "name") VALUES (4,0,3,'eng-GB','User');
INSERT INTO "ezcontentclass_name" ("contentclass_id", "contentclass_version", "language_id", "language_locale", "name") VALUES (5,0,3,'eng-GB','Image');
INSERT INTO "ezcontentclass_name" ("contentclass_id", "contentclass_version", "language_id", "language_locale", "name") VALUES (12,0,3,'eng-GB','File');

INSERT INTO "ezcontentclassgroup" ("created", "creator_id", "id", "modified", "modifier_id", "name") VALUES (1031216928,14,1,1033922106,14,'Content');
INSERT INTO "ezcontentclassgroup" ("created", "creator_id", "id", "modified", "modifier_id", "name") VALUES (1031216941,14,2,1033922113,14,'Users');
INSERT INTO "ezcontentclassgroup" ("created", "creator_id", "id", "modified", "modifier_id", "name") VALUES (1032009743,14,3,1033922120,14,'Media');

INSERT INTO "ezcontentobject" ("contentclass_id", "current_version", "id", "initial_language_id", "language_mask", "modified", "name", "owner_id", "published", "remote_id", "section_id", "status") VALUES (1,9,1,2,3,1448889046,'eZ Platform',14,1448889046,'9459d3c29e15006e45197295722c7ade',1,1);
INSERT INTO "ezcontentobject" ("contentclass_id", "current_version", "id", "initial_language_id", "language_mask", "modified", "name", "owner_id", "published", "remote_id", "section_id", "status") VALUES (3,1,4,2,3,1033917596,'Users',14,1033917596,'f5c88a2209584891056f987fd965b0ba',2,1);
INSERT INTO "ezcontentobject" ("contentclass_id", "current_version", "id", "initial_language_id", "language_mask", "modified", "name", "owner_id", "published", "remote_id", "section_id", "status") VALUES (4,2,10,2,3,1072180405,'Anonymous User',14,1033920665,'faaeb9be3bd98ed09f606fc16d144eca',2,1);
INSERT INTO "ezcontentobject" ("contentclass_id", "current_version", "id", "initial_language_id", "language_mask", "modified", "name", "owner_id", "published", "remote_id", "section_id", "status") VALUES (3,1,11,2,3,1033920746,'Guest accounts',14,1033920746,'5f7f0bdb3381d6a461d8c29ff53d908f',2,1);
INSERT INTO "ezcontentobject" ("contentclass_id", "current_version", "id", "initial_language_id", "language_mask", "modified", "name", "owner_id", "published", "remote_id", "section_id", "status") VALUES (3,1,12,2,3,1033920775,'Administrator users',14,1033920775,'9b47a45624b023b1a76c73b74d704acf',2,1);
INSERT INTO "ezcontentobject" ("contentclass_id", "current_version", "id", "initial_language_id", "language_mask", "modified", "name", "owner_id", "published", "remote_id", "section_id", "status") VALUES (3,1,13,2,3,1033920794,'Editors',14,1033920794,'3c160cca19fb135f83bd02d911f04db2',2,1);
INSERT INTO "ezcontentobject" ("contentclass_id", "current_version", "id", "initial_language_id", "language_mask", "modified", "name", "owner_id", "published", "remote_id", "section_id", "status") VALUES (4,3,14,2,3,1301062024,'Administrator User',14,1033920830,'1bb4fe25487f05527efa8bfd394cecc7',2,1);
INSERT INTO "ezcontentobject" ("contentclass_id", "current_version", "id", "initial_language_id", "language_mask", "modified", "name", "owner_id", "published", "remote_id", "section_id", "status") VALUES (1,1,41,2,3,1060695457,'Media',14,1060695457,'a6e35cbcb7cd6ae4b691f3eee30cd262',3,1);
INSERT INTO "ezcontentobject" ("contentclass_id", "current_version", "id", "initial_language_id", "language_mask", "modified", "name", "owner_id", "published", "remote_id", "section_id", "status") VALUES (3,1,42,2,3,1072180330,'Anonymous Users',14,1072180330,'15b256dbea2ae72418ff5facc999e8f9',2,1);
INSERT INTO "ezcontentobject" ("contentclass_id", "current_version", "id", "initial_language_id", "language_mask", "modified", "name", "owner_id", "published", "remote_id", "section_id", "status") VALUES (1,1,49,2,3,1080220197,'Images',14,1080220197,'e7ff633c6b8e0fd3531e74c6e712bead',3,1);
INSERT INTO "ezcontentobject" ("contentclass_id", "current_version", "id", "initial_language_id", "language_mask", "modified", "name", "owner_id", "published", "remote_id", "section_id", "status") VALUES (1,1,50,2,3,1080220220,'Files',14,1080220220,'732a5acd01b51a6fe6eab448ad4138a9',3,1);
INSERT INTO "ezcontentobject" ("contentclass_id", "current_version", "id", "initial_language_id", "language_mask", "modified", "name", "owner_id", "published", "remote_id", "section_id", "status") VALUES (1,1,51,2,3,1080220233,'Multimedia',14,1080220233,'09082deb98662a104f325aaa8c4933d3',3,1);

INSERT INTO "ezcontentobject_attribute" ("attribute_original_id", "contentclassattribute_id", "contentobject_id", "data_float", "data_int", "data_text", "data_type_string", "id", "language_code", "language_id", "sort_key_int", "sort_key_string", "version") VALUES (0,4,1,NULL,NULL,'Welcome to eZ Platform','ezstring',1,'eng-GB',3,0,'welcome to ez platform',9);
INSERT INTO "ezcontentobject_attribute" ("attribute_original_id", "contentclassattribute_id", "contentobject_id", "data_float", "data_int", "data_text", "data_type_string", "id", "language_code", "language_id", "sort_key_int", "sort_key_string", "version") VALUES (0,119,1,NULL,NULL,E'<?xml version="1.0" encoding="UTF-8"?>\n<section xmlns="http://docbook.org/ns/docbook" xmlns:xlink="http://www.w3.org/1999/xlink" xmlns:ezxhtml="http://ez.no/xmlns/ezpublish/docbook/xhtml" xmlns:ezcustom="http://ez.no/xmlns/ezpublish/docbook/custom" version="5.0-variant ezpublish-1.0"><para>This is the clean install coming with eZ Platform. It’s a barebone setup of the platform, an excellent foundation to build upon if you want to build from scratch. For more ready to go base designs or demo sites, please check the documentation.</para></section>\n','ezrichtext',2,'eng-GB',3,0,'',9);
INSERT INTO "ezcontentobject_attribute" ("attribute_original_id", "contentclassattribute_id", "contentobject_id", "data_float", "data_int", "data_text", "data_type_string", "id", "language_code", "language_id", "sort_key_int", "sort_key_string", "version") VALUES (0,7,4,NULL,NULL,'Main group','ezstring',7,'eng-GB',3,0,'',1);
INSERT INTO "ezcontentobject_attribute" ("attribute_original_id", "contentclassattribute_id", "contentobject_id", "data_float", "data_int", "data_text", "data_type_string", "id", "language_code", "language_id", "sort_key_int", "sort_key_string", "version") VALUES (0,6,4,NULL,NULL,'Users','ezstring',8,'eng-GB',3,0,'',1);
INSERT INTO "ezcontentobject_attribute" ("attribute_original_id", "contentclassattribute_id", "contentobject_id", "data_float", "data_int", "data_text", "data_type_string", "id", "language_code", "language_id", "sort_key_int", "sort_key_string", "version") VALUES (0,8,10,0,0,'Anonymous','ezstring',19,'eng-GB',3,0,'anonymous',2);
INSERT INTO "ezcontentobject_attribute" ("attribute_original_id", "contentclassattribute_id", "contentobject_id", "data_float", "data_int", "data_text", "data_type_string", "id", "language_code", "language_id", "sort_key_int", "sort_key_string", "version") VALUES (0,9,10,0,0,'User','ezstring',20,'eng-GB',3,0,'user',2);
INSERT INTO "ezcontentobject_attribute" ("attribute_original_id", "contentclassattribute_id", "contentobject_id", "data_float", "data_int", "data_text", "data_type_string", "id", "language_code", "language_id", "sort_key_int", "sort_key_string", "version") VALUES (0,12,10,0,0,'','ezuser',21,'eng-GB',3,0,'',2);
INSERT INTO "ezcontentobject_attribute" ("attribute_original_id", "contentclassattribute_id", "contentobject_id", "data_float", "data_int", "data_text", "data_type_string", "id", "language_code", "language_id", "sort_key_int", "sort_key_string", "version") VALUES (0,6,11,0,0,'Guest accounts','ezstring',22,'eng-GB',3,0,'',1);
INSERT INTO "ezcontentobject_attribute" ("attribute_original_id", "contentclassattribute_id", "contentobject_id", "data_float", "data_int", "data_text", "data_type_string", "id", "language_code", "language_id", "sort_key_int", "sort_key_string", "version") VALUES (0,7,11,0,0,'','ezstring',23,'eng-GB',3,0,'',1);
INSERT INTO "ezcontentobject_attribute" ("attribute_original_id", "contentclassattribute_id", "contentobject_id", "data_float", "data_int", "data_text", "data_type_string", "id", "language_code", "language_id", "sort_key_int", "sort_key_string", "version") VALUES (0,6,12,0,0,'Administrator users','ezstring',24,'eng-GB',3,0,'',1);
INSERT INTO "ezcontentobject_attribute" ("attribute_original_id", "contentclassattribute_id", "contentobject_id", "data_float", "data_int", "data_text", "data_type_string", "id", "language_code", "language_id", "sort_key_int", "sort_key_string", "version") VALUES (0,7,12,0,0,'','ezstring',25,'eng-GB',3,0,'',1);
INSERT INTO "ezcontentobject_attribute" ("attribute_original_id", "contentclassattribute_id", "contentobject_id", "data_float", "data_int", "data_text", "data_type_string", "id", "language_code", "language_id", "sort_key_int", "sort_key_string", "version") VALUES (0,6,13,0,0,'Editors','ezstring',26,'eng-GB',3,0,'',1);
INSERT INTO "ezcontentobject_attribute" ("attribute_original_id", "contentclassattribute_id", "contentobject_id", "data_float", "data_int", "data_text", "data_type_string", "id", "language_code", "language_id", "sort_key_int", "sort_key_string", "version") VALUES (0,7,13,0,0,'','ezstring',27,'eng-GB',3,0,'',1);
INSERT INTO "ezcontentobject_attribute" ("attribute_original_id", "contentclassattribute_id", "contentobject_id", "data_float", "data_int", "data_text", "data_type_string", "id", "language_code", "language_id", "sort_key_int", "sort_key_string", "version") VALUES (0,8,14,0,0,'Administrator','ezstring',28,'eng-GB',3,0,'administrator',3);
INSERT INTO "ezcontentobject_attribute" ("attribute_original_id", "contentclassattribute_id", "contentobject_id", "data_float", "data_int", "data_text", "data_type_string", "id", "language_code", "language_id", "sort_key_int", "sort_key_string", "version") VALUES (0,9,14,0,0,'User','ezstring',29,'eng-GB',3,0,'user',3);
INSERT INTO "ezcontentobject_attribute" ("attribute_original_id", "contentclassattribute_id", "contentobject_id", "data_float", "data_int", "data_text", "data_type_string", "id", "language_code", "language_id", "sort_key_int", "sort_key_string", "version") VALUES (30,12,14,0,0,'','ezuser',30,'eng-GB',3,0,'',3);
INSERT INTO "ezcontentobject_attribute" ("attribute_original_id", "contentclassattribute_id", "contentobject_id", "data_float", "data_int", "data_text", "data_type_string", "id", "language_code", "language_id", "sort_key_int", "sort_key_string", "version") VALUES (0,4,41,0,0,'Media','ezstring',98,'eng-GB',3,0,'',1);
INSERT INTO "ezcontentobject_attribute" ("attribute_original_id", "contentclassattribute_id", "contentobject_id", "data_float", "data_int", "data_text", "data_type_string", "id", "language_code", "language_id", "sort_key_int", "sort_key_string", "version") VALUES (0,119,41,0,1045487555,E'<?xml version="1.0" encoding="UTF-8"?>\n<section xmlns="http://docbook.org/ns/docbook" xmlns:xlink="http://www.w3.org/1999/xlink" xmlns:ezxhtml="http://ez.no/xmlns/ezpublish/docbook/xhtml" xmlns:ezcustom="http://ez.no/xmlns/ezpublish/docbook/custom" version="5.0-variant ezpublish-1.0"/>\n','ezrichtext',99,'eng-GB',3,0,'',1);
INSERT INTO "ezcontentobject_attribute" ("attribute_original_id", "contentclassattribute_id", "contentobject_id", "data_float", "data_int", "data_text", "data_type_string", "id", "language_code", "language_id", "sort_key_int", "sort_key_string", "version") VALUES (0,6,42,0,0,'Anonymous Users','ezstring',100,'eng-GB',3,0,'anonymous users',1);
INSERT INTO "ezcontentobject_attribute" ("attribute_original_id", "contentclassattribute_id", "contentobject_id", "data_float", "data_int", "data_text", "data_type_string", "id", "language_code", "language_id", "sort_key_int", "sort_key_string", "version") VALUES (0,7,42,0,0,'User group for the anonymous user','ezstring',101,'eng-GB',3,0,'user group for the anonymous user',1);
INSERT INTO "ezcontentobject_attribute" ("attribute_original_id", "contentclassattribute_id", "contentobject_id", "data_float", "data_int", "data_text", "data_type_string", "id", "language_code", "language_id", "sort_key_int", "sort_key_string", "version") VALUES (0,155,1,NULL,NULL,'eZ Platform','ezstring',102,'eng-GB',3,0,'ez platform',9);
INSERT INTO "ezcontentobject_attribute" ("attribute_original_id", "contentclassattribute_id", "contentobject_id", "data_float", "data_int", "data_text", "data_type_string", "id", "language_code", "language_id", "sort_key_int", "sort_key_string", "version") VALUES (0,155,41,0,0,'','ezstring',103,'eng-GB',3,0,'',1);
INSERT INTO "ezcontentobject_attribute" ("attribute_original_id", "contentclassattribute_id", "contentobject_id", "data_float", "data_int", "data_text", "data_type_string", "id", "language_code", "language_id", "sort_key_int", "sort_key_string", "version") VALUES (0,156,1,NULL,NULL,E'<?xml version="1.0" encoding="UTF-8"?>\n<section xmlns="http://docbook.org/ns/docbook" xmlns:xlink="http://www.w3.org/1999/xlink" xmlns:ezxhtml="http://ez.no/xmlns/ezpublish/docbook/xhtml" xmlns:ezcustom="http://ez.no/xmlns/ezpublish/docbook/custom" version="5.0-variant ezpublish-1.0"><title ezxhtml:level="2">Welcome to eZ Platform</title><para>Congratulations, you just installed eZ Platform. eZ Platform is the new generation Content Management Platform from eZ Systems and the eZ Community replacing eZ Publish, our previous software.</para><title ezxhtml:level="3">Need some guidance?</title><para>Check out the following resources:</para><title ezxhtml:level="4"><link xlink:href="ezurl://23" xlink:show="none">User Manual</link> for eZ Platform (and eZ Studio)</title><title ezxhtml:level="4"><link xlink:href="ezurl://24" xlink:show="none">Technical doc</link> for eZ Platform</title><title ezxhtml:level="4"><link xlink:href="ezurl://25" xlink:show="none">eZ Platform</link> developer tutorial</title><title ezxhtml:level="4"><link xlink:href="ezurl://26" xlink:show="none">Comparison guide</link> between eZ Platform and eZ Publish Platform</title><title ezxhtml:level="3">Contribute to the project?</title><para>Join the community:</para><title ezxhtml:level="4"><link xlink:href="ezurl://27" xlink:show="none">Github repositories</link> open to the public</title><title ezxhtml:level="4">Register to the community on <link xlink:href="ezurl://28" xlink:show="none">discuss.ezplatform.com</link>, the community site, to access forums, tutorials and blogs</title><title ezxhtml:level="4">Join the conversation on <link xlink:href="ezurl://29" xlink:show="none">the eZ Community Slack</link></title><para>Good luck!</para></section>\n','ezrichtext',104,'eng-GB',3,0,'',9);
INSERT INTO "ezcontentobject_attribute" ("attribute_original_id", "contentclassattribute_id", "contentobject_id", "data_float", "data_int", "data_text", "data_type_string", "id", "language_code", "language_id", "sort_key_int", "sort_key_string", "version") VALUES (0,156,41,0,1045487555,E'<?xml version="1.0" encoding="UTF-8"?>\n<section xmlns="http://docbook.org/ns/docbook" xmlns:xlink="http://www.w3.org/1999/xlink" xmlns:ezxhtml="http://ez.no/xmlns/ezpublish/docbook/xhtml" xmlns:ezcustom="http://ez.no/xmlns/ezpublish/docbook/custom" version="5.0-variant ezpublish-1.0"/>\n','ezrichtext',105,'eng-GB',3,0,'',1);
INSERT INTO "ezcontentobject_attribute" ("attribute_original_id", "contentclassattribute_id", "contentobject_id", "data_float", "data_int", "data_text", "data_type_string", "id", "language_code", "language_id", "sort_key_int", "sort_key_string", "version") VALUES (0,4,49,0,0,'Images','ezstring',142,'eng-GB',3,0,'images',1);
INSERT INTO "ezcontentobject_attribute" ("attribute_original_id", "contentclassattribute_id", "contentobject_id", "data_float", "data_int", "data_text", "data_type_string", "id", "language_code", "language_id", "sort_key_int", "sort_key_string", "version") VALUES (0,155,49,0,0,'','ezstring',143,'eng-GB',3,0,'',1);
INSERT INTO "ezcontentobject_attribute" ("attribute_original_id", "contentclassattribute_id", "contentobject_id", "data_float", "data_int", "data_text", "data_type_string", "id", "language_code", "language_id", "sort_key_int", "sort_key_string", "version") VALUES (0,119,49,0,1045487555,E'<?xml version="1.0" encoding="UTF-8"?>\n<section xmlns="http://docbook.org/ns/docbook" xmlns:xlink="http://www.w3.org/1999/xlink" xmlns:ezxhtml="http://ez.no/xmlns/ezpublish/docbook/xhtml" xmlns:ezcustom="http://ez.no/xmlns/ezpublish/docbook/custom" version="5.0-variant ezpublish-1.0"/>\n','ezrichtext',144,'eng-GB',3,0,'',1);
INSERT INTO "ezcontentobject_attribute" ("attribute_original_id", "contentclassattribute_id", "contentobject_id", "data_float", "data_int", "data_text", "data_type_string", "id", "language_code", "language_id", "sort_key_int", "sort_key_string", "version") VALUES (0,156,49,0,1045487555,E'<?xml version="1.0" encoding="UTF-8"?>\n<section xmlns="http://docbook.org/ns/docbook" xmlns:xlink="http://www.w3.org/1999/xlink" xmlns:ezxhtml="http://ez.no/xmlns/ezpublish/docbook/xhtml" xmlns:ezcustom="http://ez.no/xmlns/ezpublish/docbook/custom" version="5.0-variant ezpublish-1.0"/>\n','ezrichtext',145,'eng-GB',3,0,'',1);
INSERT INTO "ezcontentobject_attribute" ("attribute_original_id", "contentclassattribute_id", "contentobject_id", "data_float", "data_int", "data_text", "data_type_string", "id", "language_code", "language_id", "sort_key_int", "sort_key_string", "version") VALUES (0,4,50,0,0,'Files','ezstring',147,'eng-GB',3,0,'files',1);
INSERT INTO "ezcontentobject_attribute" ("attribute_original_id", "contentclassattribute_id", "contentobject_id", "data_float", "data_int", "data_text", "data_type_string", "id", "language_code", "language_id", "sort_key_int", "sort_key_string", "version") VALUES (0,155,50,0,0,'','ezstring',148,'eng-GB',3,0,'',1);
INSERT INTO "ezcontentobject_attribute" ("attribute_original_id", "contentclassattribute_id", "contentobject_id", "data_float", "data_int", "data_text", "data_type_string", "id", "language_code", "language_id", "sort_key_int", "sort_key_string", "version") VALUES (0,119,50,0,1045487555,E'<?xml version="1.0" encoding="UTF-8"?>\n<section xmlns="http://docbook.org/ns/docbook" xmlns:xlink="http://www.w3.org/1999/xlink" xmlns:ezxhtml="http://ez.no/xmlns/ezpublish/docbook/xhtml" xmlns:ezcustom="http://ez.no/xmlns/ezpublish/docbook/custom" version="5.0-variant ezpublish-1.0"/>\n','ezrichtext',149,'eng-GB',3,0,'',1);
INSERT INTO "ezcontentobject_attribute" ("attribute_original_id", "contentclassattribute_id", "contentobject_id", "data_float", "data_int", "data_text", "data_type_string", "id", "language_code", "language_id", "sort_key_int", "sort_key_string", "version") VALUES (0,156,50,0,1045487555,E'<?xml version="1.0" encoding="UTF-8"?>\n<section xmlns="http://docbook.org/ns/docbook" xmlns:xlink="http://www.w3.org/1999/xlink" xmlns:ezxhtml="http://ez.no/xmlns/ezpublish/docbook/xhtml" xmlns:ezcustom="http://ez.no/xmlns/ezpublish/docbook/custom" version="5.0-variant ezpublish-1.0"/>\n','ezrichtext',150,'eng-GB',3,0,'',1);
INSERT INTO "ezcontentobject_attribute" ("attribute_original_id", "contentclassattribute_id", "contentobject_id", "data_float", "data_int", "data_text", "data_type_string", "id", "language_code", "language_id", "sort_key_int", "sort_key_string", "version") VALUES (0,4,51,0,0,'Multimedia','ezstring',152,'eng-GB',3,0,'multimedia',1);
INSERT INTO "ezcontentobject_attribute" ("attribute_original_id", "contentclassattribute_id", "contentobject_id", "data_float", "data_int", "data_text", "data_type_string", "id", "language_code", "language_id", "sort_key_int", "sort_key_string", "version") VALUES (0,155,51,0,0,'','ezstring',153,'eng-GB',3,0,'',1);
INSERT INTO "ezcontentobject_attribute" ("attribute_original_id", "contentclassattribute_id", "contentobject_id", "data_float", "data_int", "data_text", "data_type_string", "id", "language_code", "language_id", "sort_key_int", "sort_key_string", "version") VALUES (0,119,51,0,1045487555,E'<?xml version="1.0" encoding="UTF-8"?>\n<section xmlns="http://docbook.org/ns/docbook" xmlns:xlink="http://www.w3.org/1999/xlink" xmlns:ezxhtml="http://ez.no/xmlns/ezpublish/docbook/xhtml" xmlns:ezcustom="http://ez.no/xmlns/ezpublish/docbook/custom" version="5.0-variant ezpublish-1.0"/>\n','ezrichtext',154,'eng-GB',3,0,'',1);
INSERT INTO "ezcontentobject_attribute" ("attribute_original_id", "contentclassattribute_id", "contentobject_id", "data_float", "data_int", "data_text", "data_type_string", "id", "language_code", "language_id", "sort_key_int", "sort_key_string", "version") VALUES (0,156,51,0,1045487555,E'<?xml version="1.0" encoding="UTF-8"?>\n<section xmlns="http://docbook.org/ns/docbook" xmlns:xlink="http://www.w3.org/1999/xlink" xmlns:ezxhtml="http://ez.no/xmlns/ezpublish/docbook/xhtml" xmlns:ezcustom="http://ez.no/xmlns/ezpublish/docbook/custom" version="5.0-variant ezpublish-1.0"/>\n','ezrichtext',155,'eng-GB',3,0,'',1);
INSERT INTO "ezcontentobject_attribute" ("attribute_original_id", "contentclassattribute_id", "contentobject_id", "data_float", "data_int", "data_text", "data_type_string", "id", "language_code", "language_id", "sort_key_int", "sort_key_string", "version") VALUES (0,179,10,0,0,'','eztext',177,'eng-GB',3,0,'',2);
INSERT INTO "ezcontentobject_attribute" ("attribute_original_id", "contentclassattribute_id", "contentobject_id", "data_float", "data_int", "data_text", "data_type_string", "id", "language_code", "language_id", "sort_key_int", "sort_key_string", "version") VALUES (0,179,14,0,0,'','eztext',178,'eng-GB',3,0,'',3);
INSERT INTO "ezcontentobject_attribute" ("attribute_original_id", "contentclassattribute_id", "contentobject_id", "data_float", "data_int", "data_text", "data_type_string", "id", "language_code", "language_id", "sort_key_int", "sort_key_string", "version") VALUES (0,180,10,0,0,'','ezimage',179,'eng-GB',3,0,'',2);
INSERT INTO "ezcontentobject_attribute" ("attribute_original_id", "contentclassattribute_id", "contentobject_id", "data_float", "data_int", "data_text", "data_type_string", "id", "language_code", "language_id", "sort_key_int", "sort_key_string", "version") VALUES (0,180,14,0,0,E'<?xml version="1.0" encoding="utf-8"?>\n<ezimage serial_number="1" is_valid="" filename="" suffix="" basename="" dirpath="" url="" original_filename="" mime_type="" width="" height="" alternative_text="" alias_key="1293033771" timestamp="1301057722"><original attribute_id="180" attribute_version="3" attribute_language="eng-GB"/></ezimage>\n','ezimage',180,'eng-GB',3,0,'',3);

INSERT INTO "ezcontentobject_name" ("content_translation", "content_version", "contentobject_id", "language_id", "name", "real_translation") VALUES ('eng-GB',9,1,2,'eZ Platform','eng-GB');
INSERT INTO "ezcontentobject_name" ("content_translation", "content_version", "contentobject_id", "language_id", "name", "real_translation") VALUES ('eng-GB',1,4,3,'Users','eng-GB');
INSERT INTO "ezcontentobject_name" ("content_translation", "content_version", "contentobject_id", "language_id", "name", "real_translation") VALUES ('eng-GB',2,10,3,'Anonymous User','eng-GB');
INSERT INTO "ezcontentobject_name" ("content_translation", "content_version", "contentobject_id", "language_id", "name", "real_translation") VALUES ('eng-GB',1,11,3,'Guest accounts','eng-GB');
INSERT INTO "ezcontentobject_name" ("content_translation", "content_version", "contentobject_id", "language_id", "name", "real_translation") VALUES ('eng-GB',1,12,3,'Administrator users','eng-GB');
INSERT INTO "ezcontentobject_name" ("content_translation", "content_version", "contentobject_id", "language_id", "name", "real_translation") VALUES ('eng-GB',1,13,3,'Editors','eng-GB');
INSERT INTO "ezcontentobject_name" ("content_translation", "content_version", "contentobject_id", "language_id", "name", "real_translation") VALUES ('eng-GB',3,14,3,'Administrator User','eng-GB');
INSERT INTO "ezcontentobject_name" ("content_translation", "content_version", "contentobject_id", "language_id", "name", "real_translation") VALUES ('eng-GB',1,41,3,'Media','eng-GB');
INSERT INTO "ezcontentobject_name" ("content_translation", "content_version", "contentobject_id", "language_id", "name", "real_translation") VALUES ('eng-GB',1,42,3,'Anonymous Users','eng-GB');
INSERT INTO "ezcontentobject_name" ("content_translation", "content_version", "contentobject_id", "language_id", "name", "real_translation") VALUES ('eng-GB',1,49,3,'Images','eng-GB');
INSERT INTO "ezcontentobject_name" ("content_translation", "content_version", "contentobject_id", "language_id", "name", "real_translation") VALUES ('eng-GB',1,50,3,'Files','eng-GB');
INSERT INTO "ezcontentobject_name" ("content_translation", "content_version", "contentobject_id", "language_id", "name", "real_translation") VALUES ('eng-GB',1,51,3,'Multimedia','eng-GB');

INSERT INTO "ezcontentobject_tree" ("contentobject_id", "contentobject_is_published", "contentobject_version", "depth", "is_hidden", "is_invisible", "main_node_id", "modified_subnode", "node_id", "parent_node_id", "path_identification_string", "path_string", "priority", "remote_id", "sort_field", "sort_order") VALUES (0,1,1,0,0,0,1,1448999778,1,1,'','/1/',0,'629709ba256fe317c3ddcee35453a96a',1,1);
INSERT INTO "ezcontentobject_tree" ("contentobject_id", "contentobject_is_published", "contentobject_version", "depth", "is_hidden", "is_invisible", "main_node_id", "modified_subnode", "node_id", "parent_node_id", "path_identification_string", "path_string", "priority", "remote_id", "sort_field", "sort_order") VALUES (1,1,9,1,0,0,2,1301073466,2,1,'node_2','/1/2/',0,'f3e90596361e31d496d4026eb624c983',8,1);
INSERT INTO "ezcontentobject_tree" ("contentobject_id", "contentobject_is_published", "contentobject_version", "depth", "is_hidden", "is_invisible", "main_node_id", "modified_subnode", "node_id", "parent_node_id", "path_identification_string", "path_string", "priority", "remote_id", "sort_field", "sort_order") VALUES (4,1,1,1,0,0,5,1301062024,5,1,'users','/1/5/',0,'3f6d92f8044aed134f32153517850f5a',1,1);
INSERT INTO "ezcontentobject_tree" ("contentobject_id", "contentobject_is_published", "contentobject_version", "depth", "is_hidden", "is_invisible", "main_node_id", "modified_subnode", "node_id", "parent_node_id", "path_identification_string", "path_string", "priority", "remote_id", "sort_field", "sort_order") VALUES (11,1,1,2,0,0,12,1081860719,12,5,'users/guest_accounts','/1/5/12/',0,'602dcf84765e56b7f999eaafd3821dd3',1,1);
INSERT INTO "ezcontentobject_tree" ("contentobject_id", "contentobject_is_published", "contentobject_version", "depth", "is_hidden", "is_invisible", "main_node_id", "modified_subnode", "node_id", "parent_node_id", "path_identification_string", "path_string", "priority", "remote_id", "sort_field", "sort_order") VALUES (12,1,1,2,0,0,13,1301062024,13,5,'users/administrator_users','/1/5/13/',0,'769380b7aa94541679167eab817ca893',1,1);
INSERT INTO "ezcontentobject_tree" ("contentobject_id", "contentobject_is_published", "contentobject_version", "depth", "is_hidden", "is_invisible", "main_node_id", "modified_subnode", "node_id", "parent_node_id", "path_identification_string", "path_string", "priority", "remote_id", "sort_field", "sort_order") VALUES (13,1,1,2,0,0,14,1081860719,14,5,'users/editors','/1/5/14/',0,'f7dda2854fc68f7c8455d9cb14bd04a9',1,1);
INSERT INTO "ezcontentobject_tree" ("contentobject_id", "contentobject_is_published", "contentobject_version", "depth", "is_hidden", "is_invisible", "main_node_id", "modified_subnode", "node_id", "parent_node_id", "path_identification_string", "path_string", "priority", "remote_id", "sort_field", "sort_order") VALUES (14,1,3,3,0,0,15,1301062024,15,13,'users/administrator_users/administrator_user','/1/5/13/15/',0,'e5161a99f733200b9ed4e80f9c16187b',1,1);
INSERT INTO "ezcontentobject_tree" ("contentobject_id", "contentobject_is_published", "contentobject_version", "depth", "is_hidden", "is_invisible", "main_node_id", "modified_subnode", "node_id", "parent_node_id", "path_identification_string", "path_string", "priority", "remote_id", "sort_field", "sort_order") VALUES (41,1,1,1,0,0,43,1081860720,43,1,'media','/1/43/',0,'75c715a51699d2d309a924eca6a95145',9,1);
INSERT INTO "ezcontentobject_tree" ("contentobject_id", "contentobject_is_published", "contentobject_version", "depth", "is_hidden", "is_invisible", "main_node_id", "modified_subnode", "node_id", "parent_node_id", "path_identification_string", "path_string", "priority", "remote_id", "sort_field", "sort_order") VALUES (42,1,1,2,0,0,44,1081860719,44,5,'users/anonymous_users','/1/5/44/',0,'4fdf0072da953bb276c0c7e0141c5c9b',9,1);
INSERT INTO "ezcontentobject_tree" ("contentobject_id", "contentobject_is_published", "contentobject_version", "depth", "is_hidden", "is_invisible", "main_node_id", "modified_subnode", "node_id", "parent_node_id", "path_identification_string", "path_string", "priority", "remote_id", "sort_field", "sort_order") VALUES (10,1,2,3,0,0,45,1081860719,45,44,'users/anonymous_users/anonymous_user','/1/5/44/45/',0,'2cf8343bee7b482bab82b269d8fecd76',9,1);
INSERT INTO "ezcontentobject_tree" ("contentobject_id", "contentobject_is_published", "contentobject_version", "depth", "is_hidden", "is_invisible", "main_node_id", "modified_subnode", "node_id", "parent_node_id", "path_identification_string", "path_string", "priority", "remote_id", "sort_field", "sort_order") VALUES (49,1,1,2,0,0,51,1081860720,51,43,'media/images','/1/43/51/',0,'1b26c0454b09bb49dfb1b9190ffd67cb',9,1);
INSERT INTO "ezcontentobject_tree" ("contentobject_id", "contentobject_is_published", "contentobject_version", "depth", "is_hidden", "is_invisible", "main_node_id", "modified_subnode", "node_id", "parent_node_id", "path_identification_string", "path_string", "priority", "remote_id", "sort_field", "sort_order") VALUES (50,1,1,2,0,0,52,1081860720,52,43,'media/files','/1/43/52/',0,'0b113a208f7890f9ad3c24444ff5988c',9,1);
INSERT INTO "ezcontentobject_tree" ("contentobject_id", "contentobject_is_published", "contentobject_version", "depth", "is_hidden", "is_invisible", "main_node_id", "modified_subnode", "node_id", "parent_node_id", "path_identification_string", "path_string", "priority", "remote_id", "sort_field", "sort_order") VALUES (51,1,1,2,0,0,53,1081860720,53,43,'media/multimedia','/1/43/53/',0,'4f18b82c75f10aad476cae5adf98c11f',9,1);

INSERT INTO "ezcontentobject_version" ("contentobject_id", "created", "creator_id", "id", "initial_language_id", "language_mask", "modified", "status", "user_id", "version", "workflow_event_pos") VALUES (4,0,14,4,2,3,0,1,0,1,1);
INSERT INTO "ezcontentobject_version" ("contentobject_id", "created", "creator_id", "id", "initial_language_id", "language_mask", "modified", "status", "user_id", "version", "workflow_event_pos") VALUES (11,1033920737,14,439,2,3,1033920746,1,0,1,0);
INSERT INTO "ezcontentobject_version" ("contentobject_id", "created", "creator_id", "id", "initial_language_id", "language_mask", "modified", "status", "user_id", "version", "workflow_event_pos") VALUES (12,1033920760,14,440,2,3,1033920775,1,0,1,0);
INSERT INTO "ezcontentobject_version" ("contentobject_id", "created", "creator_id", "id", "initial_language_id", "language_mask", "modified", "status", "user_id", "version", "workflow_event_pos") VALUES (13,1033920786,14,441,2,3,1033920794,1,0,1,0);
INSERT INTO "ezcontentobject_version" ("contentobject_id", "created", "creator_id", "id", "initial_language_id", "language_mask", "modified", "status", "user_id", "version", "workflow_event_pos") VALUES (41,1060695450,14,472,2,3,1060695457,1,0,1,0);
INSERT INTO "ezcontentobject_version" ("contentobject_id", "created", "creator_id", "id", "initial_language_id", "language_mask", "modified", "status", "user_id", "version", "workflow_event_pos") VALUES (42,1072180278,14,473,2,3,1072180330,1,0,1,0);
INSERT INTO "ezcontentobject_version" ("contentobject_id", "created", "creator_id", "id", "initial_language_id", "language_mask", "modified", "status", "user_id", "version", "workflow_event_pos") VALUES (10,1072180337,14,474,2,3,1072180405,1,0,2,0);
INSERT INTO "ezcontentobject_version" ("contentobject_id", "created", "creator_id", "id", "initial_language_id", "language_mask", "modified", "status", "user_id", "version", "workflow_event_pos") VALUES (49,1080220181,14,488,2,3,1080220197,1,0,1,0);
INSERT INTO "ezcontentobject_version" ("contentobject_id", "created", "creator_id", "id", "initial_language_id", "language_mask", "modified", "status", "user_id", "version", "workflow_event_pos") VALUES (50,1080220211,14,489,2,3,1080220220,1,0,1,0);
INSERT INTO "ezcontentobject_version" ("contentobject_id", "created", "creator_id", "id", "initial_language_id", "language_mask", "modified", "status", "user_id", "version", "workflow_event_pos") VALUES (51,1080220225,14,490,2,3,1080220233,1,0,1,0);
INSERT INTO "ezcontentobject_version" ("contentobject_id", "created", "creator_id", "id", "initial_language_id", "language_mask", "modified", "status", "user_id", "version", "workflow_event_pos") VALUES (14,1301061783,14,499,2,3,1301062024,1,0,3,0);
INSERT INTO "ezcontentobject_version" ("contentobject_id", "created", "creator_id", "id", "initial_language_id", "language_mask", "modified", "status", "user_id", "version", "workflow_event_pos") VALUES (1,1448889045,14,506,2,3,1448889046,1,0,9,0);

INSERT INTO "eznode_assignment" ("contentobject_id", "contentobject_version", "from_node_id", "id", "is_main", "op_code", "parent_node", "parent_remote_id", "remote_id", "sort_field", "sort_order", "priority", "is_hidden") VALUES (8,2,0,4,1,2,5,'','0',1,1,0,0);
INSERT INTO "eznode_assignment" ("contentobject_id", "contentobject_version", "from_node_id", "id", "is_main", "op_code", "parent_node", "parent_remote_id", "remote_id", "sort_field", "sort_order", "priority", "is_hidden") VALUES (42,1,0,5,1,2,5,'','0',9,1,0,0);
INSERT INTO "eznode_assignment" ("contentobject_id", "contentobject_version", "from_node_id", "id", "is_main", "op_code", "parent_node", "parent_remote_id", "remote_id", "sort_field", "sort_order", "priority", "is_hidden") VALUES (10,2,-1,6,1,2,44,'','0',9,1,0,0);
INSERT INTO "eznode_assignment" ("contentobject_id", "contentobject_version", "from_node_id", "id", "is_main", "op_code", "parent_node", "parent_remote_id", "remote_id", "sort_field", "sort_order", "priority", "is_hidden") VALUES (4,1,0,7,1,2,1,'','0',1,1,0,0);
INSERT INTO "eznode_assignment" ("contentobject_id", "contentobject_version", "from_node_id", "id", "is_main", "op_code", "parent_node", "parent_remote_id", "remote_id", "sort_field", "sort_order", "priority", "is_hidden") VALUES (12,1,0,8,1,2,5,'','0',1,1,0,0);
INSERT INTO "eznode_assignment" ("contentobject_id", "contentobject_version", "from_node_id", "id", "is_main", "op_code", "parent_node", "parent_remote_id", "remote_id", "sort_field", "sort_order", "priority", "is_hidden") VALUES (13,1,0,9,1,2,5,'','0',1,1,0,0);
INSERT INTO "eznode_assignment" ("contentobject_id", "contentobject_version", "from_node_id", "id", "is_main", "op_code", "parent_node", "parent_remote_id", "remote_id", "sort_field", "sort_order", "priority", "is_hidden") VALUES (41,1,0,11,1,2,1,'','0',1,1,0,0);
INSERT INTO "eznode_assignment" ("contentobject_id", "contentobject_version", "from_node_id", "id", "is_main", "op_code", "parent_node", "parent_remote_id", "remote_id", "sort_field", "sort_order", "priority", "is_hidden") VALUES (11,1,0,12,1,2,5,'','0',1,1,0,0);
INSERT INTO "eznode_assignment" ("contentobject_id", "contentobject_version", "from_node_id", "id", "is_main", "op_code", "parent_node", "parent_remote_id", "remote_id", "sort_field", "sort_order", "priority", "is_hidden") VALUES (49,1,0,27,1,2,43,'','0',9,1,0,0);
INSERT INTO "eznode_assignment" ("contentobject_id", "contentobject_version", "from_node_id", "id", "is_main", "op_code", "parent_node", "parent_remote_id", "remote_id", "sort_field", "sort_order", "priority", "is_hidden") VALUES (50,1,0,28,1,2,43,'','0',9,1,0,0);
INSERT INTO "eznode_assignment" ("contentobject_id", "contentobject_version", "from_node_id", "id", "is_main", "op_code", "parent_node", "parent_remote_id", "remote_id", "sort_field", "sort_order", "priority", "is_hidden") VALUES (51,1,0,29,1,2,43,'','0',9,1,0,0);
INSERT INTO "eznode_assignment" ("contentobject_id", "contentobject_version", "from_node_id", "id", "is_main", "op_code", "parent_node", "parent_remote_id", "remote_id", "sort_field", "sort_order", "priority", "is_hidden") VALUES (14,3,-1,38,1,2,13,'','0',1,1,0,0);

INSERT INTO "ezpackage" ("id", "install_date", "name", "version") VALUES (1,1301057838,'plain_site_data','1.0-1');

INSERT INTO "ezpolicy" ("function_name", "id", "module_name", "original_id", "role_id") VALUES ('*',317,'content',0,3);
INSERT INTO "ezpolicy" ("function_name", "id", "module_name", "original_id", "role_id") VALUES ('login',319,'user',0,3);
INSERT INTO "ezpolicy" ("function_name", "id", "module_name", "original_id", "role_id") VALUES ('read',328,'content',0,1);
INSERT INTO "ezpolicy" ("function_name", "id", "module_name", "original_id", "role_id") VALUES ('login',331,'user',0,1);
INSERT INTO "ezpolicy" ("function_name", "id", "module_name", "original_id", "role_id") VALUES ('*',332,'*',0,2);
INSERT INTO "ezpolicy" ("function_name", "id", "module_name", "original_id", "role_id") VALUES ('read',333,'content',0,4);
INSERT INTO "ezpolicy" ("function_name", "id", "module_name", "original_id", "role_id") VALUES ('view_embed',334,'content',0,1);
INSERT INTO "ezpolicy" ("function_name", "id", "module_name", "original_id", "role_id") VALUES ('*',340,'url',0,3);

INSERT INTO "ezpolicy_limitation" ("id", "identifier", "policy_id") VALUES (251,'Section',328);
INSERT INTO "ezpolicy_limitation" ("id", "identifier", "policy_id") VALUES (252,'Section',329);
INSERT INTO "ezpolicy_limitation" ("id", "identifier", "policy_id") VALUES (253,'SiteAccess',331);
INSERT INTO "ezpolicy_limitation" ("id", "identifier", "policy_id") VALUES (254,'Class',333);
INSERT INTO "ezpolicy_limitation" ("id", "identifier", "policy_id") VALUES (255,'Owner',333);
INSERT INTO "ezpolicy_limitation" ("id", "identifier", "policy_id") VALUES (256,'Class',334);

INSERT INTO "ezpolicy_limitation_value" ("id", "limitation_id", "value") VALUES (477,251,'1');
INSERT INTO "ezpolicy_limitation_value" ("id", "limitation_id", "value") VALUES (478,252,'1');
INSERT INTO "ezpolicy_limitation_value" ("id", "limitation_id", "value") VALUES (479,253,'1766001124');
INSERT INTO "ezpolicy_limitation_value" ("id", "limitation_id", "value") VALUES (480,254,'4');
INSERT INTO "ezpolicy_limitation_value" ("id", "limitation_id", "value") VALUES (481,255,'1');
INSERT INTO "ezpolicy_limitation_value" ("id", "limitation_id", "value") VALUES (482,256,'5');
INSERT INTO "ezpolicy_limitation_value" ("id", "limitation_id", "value") VALUES (483,256,'12');

INSERT INTO "ezrole" ("id", "is_new", "name", "value", "version") VALUES (1,0,'Anonymous','',0);
INSERT INTO "ezrole" ("id", "is_new", "name", "value", "version") VALUES (2,0,'Administrator','0',0);
INSERT INTO "ezrole" ("id", "is_new", "name", "value", "version") VALUES (3,0,'Editor','',0);
INSERT INTO "ezrole" ("id", "is_new", "name", "value", "version") VALUES (4,0,'Member','',0);

INSERT INTO "ezsearch_object_word_link" ("contentclass_attribute_id", "contentclass_id", "contentobject_id", "frequency", "id", "identifier", "integer_value", "next_word_id", "placement", "prev_word_id", "published", "section_id", "word_id") VALUES (4,1,1,0,4381,'name',0,801,0,0,1033917596,1,800);
INSERT INTO "ezsearch_object_word_link" ("contentclass_attribute_id", "contentclass_id", "contentobject_id", "frequency", "id", "identifier", "integer_value", "next_word_id", "placement", "prev_word_id", "published", "section_id", "word_id") VALUES (4,1,1,0,4382,'name',0,802,1,800,1033917596,1,801);
INSERT INTO "ezsearch_object_word_link" ("contentclass_attribute_id", "contentclass_id", "contentobject_id", "frequency", "id", "identifier", "integer_value", "next_word_id", "placement", "prev_word_id", "published", "section_id", "word_id") VALUES (4,1,1,0,4383,'name',0,803,2,801,1033917596,1,802);
INSERT INTO "ezsearch_object_word_link" ("contentclass_attribute_id", "contentclass_id", "contentobject_id", "frequency", "id", "identifier", "integer_value", "next_word_id", "placement", "prev_word_id", "published", "section_id", "word_id") VALUES (4,1,1,0,4384,'name',0,802,3,802,1033917596,1,803);
INSERT INTO "ezsearch_object_word_link" ("contentclass_attribute_id", "contentclass_id", "contentobject_id", "frequency", "id", "identifier", "integer_value", "next_word_id", "placement", "prev_word_id", "published", "section_id", "word_id") VALUES (155,1,1,0,4385,'short_name',0,803,4,803,1033917596,1,802);
INSERT INTO "ezsearch_object_word_link" ("contentclass_attribute_id", "contentclass_id", "contentobject_id", "frequency", "id", "identifier", "integer_value", "next_word_id", "placement", "prev_word_id", "published", "section_id", "word_id") VALUES (155,1,1,0,4386,'short_name',0,804,5,802,1033917596,1,803);
INSERT INTO "ezsearch_object_word_link" ("contentclass_attribute_id", "contentclass_id", "contentobject_id", "frequency", "id", "identifier", "integer_value", "next_word_id", "placement", "prev_word_id", "published", "section_id", "word_id") VALUES (119,1,1,0,4387,'short_description',0,805,6,803,1033917596,1,804);
INSERT INTO "ezsearch_object_word_link" ("contentclass_attribute_id", "contentclass_id", "contentobject_id", "frequency", "id", "identifier", "integer_value", "next_word_id", "placement", "prev_word_id", "published", "section_id", "word_id") VALUES (119,1,1,0,4388,'short_description',0,802,7,804,1033917596,1,805);
INSERT INTO "ezsearch_object_word_link" ("contentclass_attribute_id", "contentclass_id", "contentobject_id", "frequency", "id", "identifier", "integer_value", "next_word_id", "placement", "prev_word_id", "published", "section_id", "word_id") VALUES (119,1,1,0,4389,'short_description',0,806,8,805,1033917596,1,802);
INSERT INTO "ezsearch_object_word_link" ("contentclass_attribute_id", "contentclass_id", "contentobject_id", "frequency", "id", "identifier", "integer_value", "next_word_id", "placement", "prev_word_id", "published", "section_id", "word_id") VALUES (119,1,1,0,4390,'short_description',0,807,9,802,1033917596,1,806);
INSERT INTO "ezsearch_object_word_link" ("contentclass_attribute_id", "contentclass_id", "contentobject_id", "frequency", "id", "identifier", "integer_value", "next_word_id", "placement", "prev_word_id", "published", "section_id", "word_id") VALUES (119,1,1,0,4391,'short_description',0,808,10,806,1033917596,1,807);
INSERT INTO "ezsearch_object_word_link" ("contentclass_attribute_id", "contentclass_id", "contentobject_id", "frequency", "id", "identifier", "integer_value", "next_word_id", "placement", "prev_word_id", "published", "section_id", "word_id") VALUES (119,1,1,0,4392,'short_description',0,809,11,807,1033917596,1,808);
INSERT INTO "ezsearch_object_word_link" ("contentclass_attribute_id", "contentclass_id", "contentobject_id", "frequency", "id", "identifier", "integer_value", "next_word_id", "placement", "prev_word_id", "published", "section_id", "word_id") VALUES (119,1,1,0,4393,'short_description',0,810,12,808,1033917596,1,809);
INSERT INTO "ezsearch_object_word_link" ("contentclass_attribute_id", "contentclass_id", "contentobject_id", "frequency", "id", "identifier", "integer_value", "next_word_id", "placement", "prev_word_id", "published", "section_id", "word_id") VALUES (119,1,1,0,4394,'short_description',0,811,13,809,1033917596,1,810);
INSERT INTO "ezsearch_object_word_link" ("contentclass_attribute_id", "contentclass_id", "contentobject_id", "frequency", "id", "identifier", "integer_value", "next_word_id", "placement", "prev_word_id", "published", "section_id", "word_id") VALUES (119,1,1,0,4395,'short_description',0,812,14,810,1033917596,1,811);
INSERT INTO "ezsearch_object_word_link" ("contentclass_attribute_id", "contentclass_id", "contentobject_id", "frequency", "id", "identifier", "integer_value", "next_word_id", "placement", "prev_word_id", "published", "section_id", "word_id") VALUES (119,1,1,0,4396,'short_description',0,813,15,811,1033917596,1,812);
INSERT INTO "ezsearch_object_word_link" ("contentclass_attribute_id", "contentclass_id", "contentobject_id", "frequency", "id", "identifier", "integer_value", "next_word_id", "placement", "prev_word_id", "published", "section_id", "word_id") VALUES (119,1,1,0,4397,'short_description',0,814,16,812,1033917596,1,813);
INSERT INTO "ezsearch_object_word_link" ("contentclass_attribute_id", "contentclass_id", "contentobject_id", "frequency", "id", "identifier", "integer_value", "next_word_id", "placement", "prev_word_id", "published", "section_id", "word_id") VALUES (119,1,1,0,4398,'short_description',0,802,17,813,1033917596,1,814);
INSERT INTO "ezsearch_object_word_link" ("contentclass_attribute_id", "contentclass_id", "contentobject_id", "frequency", "id", "identifier", "integer_value", "next_word_id", "placement", "prev_word_id", "published", "section_id", "word_id") VALUES (119,1,1,0,4399,'short_description',0,803,18,814,1033917596,1,802);
INSERT INTO "ezsearch_object_word_link" ("contentclass_attribute_id", "contentclass_id", "contentobject_id", "frequency", "id", "identifier", "integer_value", "next_word_id", "placement", "prev_word_id", "published", "section_id", "word_id") VALUES (119,1,1,0,4400,'short_description',0,815,19,802,1033917596,1,803);
INSERT INTO "ezsearch_object_word_link" ("contentclass_attribute_id", "contentclass_id", "contentobject_id", "frequency", "id", "identifier", "integer_value", "next_word_id", "placement", "prev_word_id", "published", "section_id", "word_id") VALUES (119,1,1,0,4401,'short_description',0,816,20,803,1033917596,1,815);
INSERT INTO "ezsearch_object_word_link" ("contentclass_attribute_id", "contentclass_id", "contentobject_id", "frequency", "id", "identifier", "integer_value", "next_word_id", "placement", "prev_word_id", "published", "section_id", "word_id") VALUES (119,1,1,0,4402,'short_description',0,810,21,815,1033917596,1,816);
INSERT INTO "ezsearch_object_word_link" ("contentclass_attribute_id", "contentclass_id", "contentobject_id", "frequency", "id", "identifier", "integer_value", "next_word_id", "placement", "prev_word_id", "published", "section_id", "word_id") VALUES (119,1,1,0,4403,'short_description',0,817,22,816,1033917596,1,810);
INSERT INTO "ezsearch_object_word_link" ("contentclass_attribute_id", "contentclass_id", "contentobject_id", "frequency", "id", "identifier", "integer_value", "next_word_id", "placement", "prev_word_id", "published", "section_id", "word_id") VALUES (119,1,1,0,4404,'short_description',0,818,23,810,1033917596,1,817);
INSERT INTO "ezsearch_object_word_link" ("contentclass_attribute_id", "contentclass_id", "contentobject_id", "frequency", "id", "identifier", "integer_value", "next_word_id", "placement", "prev_word_id", "published", "section_id", "word_id") VALUES (119,1,1,0,4405,'short_description',0,802,24,817,1033917596,1,818);
INSERT INTO "ezsearch_object_word_link" ("contentclass_attribute_id", "contentclass_id", "contentobject_id", "frequency", "id", "identifier", "integer_value", "next_word_id", "placement", "prev_word_id", "published", "section_id", "word_id") VALUES (119,1,1,0,4406,'short_description',0,803,25,818,1033917596,1,802);
INSERT INTO "ezsearch_object_word_link" ("contentclass_attribute_id", "contentclass_id", "contentobject_id", "frequency", "id", "identifier", "integer_value", "next_word_id", "placement", "prev_word_id", "published", "section_id", "word_id") VALUES (119,1,1,0,4407,'short_description',0,819,26,802,1033917596,1,803);
INSERT INTO "ezsearch_object_word_link" ("contentclass_attribute_id", "contentclass_id", "contentobject_id", "frequency", "id", "identifier", "integer_value", "next_word_id", "placement", "prev_word_id", "published", "section_id", "word_id") VALUES (119,1,1,0,4408,'short_description',0,820,27,803,1033917596,1,819);
INSERT INTO "ezsearch_object_word_link" ("contentclass_attribute_id", "contentclass_id", "contentobject_id", "frequency", "id", "identifier", "integer_value", "next_word_id", "placement", "prev_word_id", "published", "section_id", "word_id") VALUES (119,1,1,0,4409,'short_description',0,814,28,819,1033917596,1,820);
INSERT INTO "ezsearch_object_word_link" ("contentclass_attribute_id", "contentclass_id", "contentobject_id", "frequency", "id", "identifier", "integer_value", "next_word_id", "placement", "prev_word_id", "published", "section_id", "word_id") VALUES (119,1,1,0,4410,'short_description',0,821,29,820,1033917596,1,814);
INSERT INTO "ezsearch_object_word_link" ("contentclass_attribute_id", "contentclass_id", "contentobject_id", "frequency", "id", "identifier", "integer_value", "next_word_id", "placement", "prev_word_id", "published", "section_id", "word_id") VALUES (119,1,1,0,4411,'short_description',0,822,30,814,1033917596,1,821);
INSERT INTO "ezsearch_object_word_link" ("contentclass_attribute_id", "contentclass_id", "contentobject_id", "frequency", "id", "identifier", "integer_value", "next_word_id", "placement", "prev_word_id", "published", "section_id", "word_id") VALUES (119,1,1,0,4412,'short_description',0,823,31,821,1033917596,1,822);
INSERT INTO "ezsearch_object_word_link" ("contentclass_attribute_id", "contentclass_id", "contentobject_id", "frequency", "id", "identifier", "integer_value", "next_word_id", "placement", "prev_word_id", "published", "section_id", "word_id") VALUES (119,1,1,0,4413,'short_description',0,814,32,822,1033917596,1,823);
INSERT INTO "ezsearch_object_word_link" ("contentclass_attribute_id", "contentclass_id", "contentobject_id", "frequency", "id", "identifier", "integer_value", "next_word_id", "placement", "prev_word_id", "published", "section_id", "word_id") VALUES (119,1,1,0,4414,'short_description',0,802,33,823,1033917596,1,814);
INSERT INTO "ezsearch_object_word_link" ("contentclass_attribute_id", "contentclass_id", "contentobject_id", "frequency", "id", "identifier", "integer_value", "next_word_id", "placement", "prev_word_id", "published", "section_id", "word_id") VALUES (119,1,1,0,4415,'short_description',0,824,34,814,1033917596,1,802);
INSERT INTO "ezsearch_object_word_link" ("contentclass_attribute_id", "contentclass_id", "contentobject_id", "frequency", "id", "identifier", "integer_value", "next_word_id", "placement", "prev_word_id", "published", "section_id", "word_id") VALUES (119,1,1,0,4416,'short_description',0,807,35,802,1033917596,1,824);
INSERT INTO "ezsearch_object_word_link" ("contentclass_attribute_id", "contentclass_id", "contentobject_id", "frequency", "id", "identifier", "integer_value", "next_word_id", "placement", "prev_word_id", "published", "section_id", "word_id") VALUES (119,1,1,0,4417,'short_description',0,808,36,824,1033917596,1,807);
INSERT INTO "ezsearch_object_word_link" ("contentclass_attribute_id", "contentclass_id", "contentobject_id", "frequency", "id", "identifier", "integer_value", "next_word_id", "placement", "prev_word_id", "published", "section_id", "word_id") VALUES (119,1,1,0,4418,'short_description',0,825,37,807,1033917596,1,808);
INSERT INTO "ezsearch_object_word_link" ("contentclass_attribute_id", "contentclass_id", "contentobject_id", "frequency", "id", "identifier", "integer_value", "next_word_id", "placement", "prev_word_id", "published", "section_id", "word_id") VALUES (119,1,1,0,4419,'short_description',0,814,38,808,1033917596,1,825);
INSERT INTO "ezsearch_object_word_link" ("contentclass_attribute_id", "contentclass_id", "contentobject_id", "frequency", "id", "identifier", "integer_value", "next_word_id", "placement", "prev_word_id", "published", "section_id", "word_id") VALUES (119,1,1,0,4420,'short_description',0,826,39,825,1033917596,1,814);
INSERT INTO "ezsearch_object_word_link" ("contentclass_attribute_id", "contentclass_id", "contentobject_id", "frequency", "id", "identifier", "integer_value", "next_word_id", "placement", "prev_word_id", "published", "section_id", "word_id") VALUES (119,1,1,0,4421,'short_description',0,802,40,814,1033917596,1,826);
INSERT INTO "ezsearch_object_word_link" ("contentclass_attribute_id", "contentclass_id", "contentobject_id", "frequency", "id", "identifier", "integer_value", "next_word_id", "placement", "prev_word_id", "published", "section_id", "word_id") VALUES (156,1,1,0,4422,'description',0,803,41,826,1033917596,1,802);
INSERT INTO "ezsearch_object_word_link" ("contentclass_attribute_id", "contentclass_id", "contentobject_id", "frequency", "id", "identifier", "integer_value", "next_word_id", "placement", "prev_word_id", "published", "section_id", "word_id") VALUES (156,1,1,0,4423,'description',0,805,42,802,1033917596,1,803);
INSERT INTO "ezsearch_object_word_link" ("contentclass_attribute_id", "contentclass_id", "contentobject_id", "frequency", "id", "identifier", "integer_value", "next_word_id", "placement", "prev_word_id", "published", "section_id", "word_id") VALUES (156,1,1,0,4424,'description',0,810,43,803,1033917596,1,805);
INSERT INTO "ezsearch_object_word_link" ("contentclass_attribute_id", "contentclass_id", "contentobject_id", "frequency", "id", "identifier", "integer_value", "next_word_id", "placement", "prev_word_id", "published", "section_id", "word_id") VALUES (156,1,1,0,4425,'description',0,827,44,805,1033917596,1,810);
INSERT INTO "ezsearch_object_word_link" ("contentclass_attribute_id", "contentclass_id", "contentobject_id", "frequency", "id", "identifier", "integer_value", "next_word_id", "placement", "prev_word_id", "published", "section_id", "word_id") VALUES (156,1,1,0,4426,'description',0,828,45,810,1033917596,1,827);
INSERT INTO "ezsearch_object_word_link" ("contentclass_attribute_id", "contentclass_id", "contentobject_id", "frequency", "id", "identifier", "integer_value", "next_word_id", "placement", "prev_word_id", "published", "section_id", "word_id") VALUES (156,1,1,0,4427,'description',0,829,46,827,1033917596,1,828);
INSERT INTO "ezsearch_object_word_link" ("contentclass_attribute_id", "contentclass_id", "contentobject_id", "frequency", "id", "identifier", "integer_value", "next_word_id", "placement", "prev_word_id", "published", "section_id", "word_id") VALUES (156,1,1,0,4428,'description',0,830,47,828,1033917596,1,829);
INSERT INTO "ezsearch_object_word_link" ("contentclass_attribute_id", "contentclass_id", "contentobject_id", "frequency", "id", "identifier", "integer_value", "next_word_id", "placement", "prev_word_id", "published", "section_id", "word_id") VALUES (156,1,1,0,4429,'description',0,831,48,829,1033917596,1,830);
INSERT INTO "ezsearch_object_word_link" ("contentclass_attribute_id", "contentclass_id", "contentobject_id", "frequency", "id", "identifier", "integer_value", "next_word_id", "placement", "prev_word_id", "published", "section_id", "word_id") VALUES (156,1,1,0,4430,'description',0,832,49,830,1033917596,1,831);
INSERT INTO "ezsearch_object_word_link" ("contentclass_attribute_id", "contentclass_id", "contentobject_id", "frequency", "id", "identifier", "integer_value", "next_word_id", "placement", "prev_word_id", "published", "section_id", "word_id") VALUES (156,1,1,0,4431,'description',0,833,50,831,1033917596,1,832);
INSERT INTO "ezsearch_object_word_link" ("contentclass_attribute_id", "contentclass_id", "contentobject_id", "frequency", "id", "identifier", "integer_value", "next_word_id", "placement", "prev_word_id", "published", "section_id", "word_id") VALUES (156,1,1,0,4432,'description',0,834,51,832,1033917596,1,833);
INSERT INTO "ezsearch_object_word_link" ("contentclass_attribute_id", "contentclass_id", "contentobject_id", "frequency", "id", "identifier", "integer_value", "next_word_id", "placement", "prev_word_id", "published", "section_id", "word_id") VALUES (156,1,1,0,4433,'description',0,835,52,833,1033917596,1,834);
INSERT INTO "ezsearch_object_word_link" ("contentclass_attribute_id", "contentclass_id", "contentobject_id", "frequency", "id", "identifier", "integer_value", "next_word_id", "placement", "prev_word_id", "published", "section_id", "word_id") VALUES (156,1,1,0,4434,'description',0,836,53,834,1033917596,1,835);
INSERT INTO "ezsearch_object_word_link" ("contentclass_attribute_id", "contentclass_id", "contentobject_id", "frequency", "id", "identifier", "integer_value", "next_word_id", "placement", "prev_word_id", "published", "section_id", "word_id") VALUES (156,1,1,0,4435,'description',0,837,54,835,1033917596,1,836);
INSERT INTO "ezsearch_object_word_link" ("contentclass_attribute_id", "contentclass_id", "contentobject_id", "frequency", "id", "identifier", "integer_value", "next_word_id", "placement", "prev_word_id", "published", "section_id", "word_id") VALUES (156,1,1,0,4436,'description',0,814,55,836,1033917596,1,837);
INSERT INTO "ezsearch_object_word_link" ("contentclass_attribute_id", "contentclass_id", "contentobject_id", "frequency", "id", "identifier", "integer_value", "next_word_id", "placement", "prev_word_id", "published", "section_id", "word_id") VALUES (156,1,1,0,4437,'description',0,834,56,837,1033917596,1,814);
INSERT INTO "ezsearch_object_word_link" ("contentclass_attribute_id", "contentclass_id", "contentobject_id", "frequency", "id", "identifier", "integer_value", "next_word_id", "placement", "prev_word_id", "published", "section_id", "word_id") VALUES (156,1,1,0,4438,'description',0,813,57,814,1033917596,1,834);
INSERT INTO "ezsearch_object_word_link" ("contentclass_attribute_id", "contentclass_id", "contentobject_id", "frequency", "id", "identifier", "integer_value", "next_word_id", "placement", "prev_word_id", "published", "section_id", "word_id") VALUES (156,1,1,0,4439,'description',0,838,58,834,1033917596,1,813);
INSERT INTO "ezsearch_object_word_link" ("contentclass_attribute_id", "contentclass_id", "contentobject_id", "frequency", "id", "identifier", "integer_value", "next_word_id", "placement", "prev_word_id", "published", "section_id", "word_id") VALUES (156,1,1,0,4440,'description',0,839,59,813,1033917596,1,838);
INSERT INTO "ezsearch_object_word_link" ("contentclass_attribute_id", "contentclass_id", "contentobject_id", "frequency", "id", "identifier", "integer_value", "next_word_id", "placement", "prev_word_id", "published", "section_id", "word_id") VALUES (156,1,1,0,4441,'description',0,833,60,838,1033917596,1,839);
INSERT INTO "ezsearch_object_word_link" ("contentclass_attribute_id", "contentclass_id", "contentobject_id", "frequency", "id", "identifier", "integer_value", "next_word_id", "placement", "prev_word_id", "published", "section_id", "word_id") VALUES (156,1,1,0,4442,'description',0,840,61,839,1033917596,1,833);
INSERT INTO "ezsearch_object_word_link" ("contentclass_attribute_id", "contentclass_id", "contentobject_id", "frequency", "id", "identifier", "integer_value", "next_word_id", "placement", "prev_word_id", "published", "section_id", "word_id") VALUES (156,1,1,0,4443,'description',0,841,62,833,1033917596,1,840);
INSERT INTO "ezsearch_object_word_link" ("contentclass_attribute_id", "contentclass_id", "contentobject_id", "frequency", "id", "identifier", "integer_value", "next_word_id", "placement", "prev_word_id", "published", "section_id", "word_id") VALUES (156,1,1,0,4444,'description',0,842,63,840,1033917596,1,841);
INSERT INTO "ezsearch_object_word_link" ("contentclass_attribute_id", "contentclass_id", "contentobject_id", "frequency", "id", "identifier", "integer_value", "next_word_id", "placement", "prev_word_id", "published", "section_id", "word_id") VALUES (156,1,1,0,4445,'description',0,836,64,841,1033917596,1,842);
INSERT INTO "ezsearch_object_word_link" ("contentclass_attribute_id", "contentclass_id", "contentobject_id", "frequency", "id", "identifier", "integer_value", "next_word_id", "placement", "prev_word_id", "published", "section_id", "word_id") VALUES (156,1,1,0,4446,'description',0,843,65,842,1033917596,1,836);
INSERT INTO "ezsearch_object_word_link" ("contentclass_attribute_id", "contentclass_id", "contentobject_id", "frequency", "id", "identifier", "integer_value", "next_word_id", "placement", "prev_word_id", "published", "section_id", "word_id") VALUES (156,1,1,0,4447,'description',0,844,66,836,1033917596,1,843);
INSERT INTO "ezsearch_object_word_link" ("contentclass_attribute_id", "contentclass_id", "contentobject_id", "frequency", "id", "identifier", "integer_value", "next_word_id", "placement", "prev_word_id", "published", "section_id", "word_id") VALUES (156,1,1,0,4448,'description',0,845,67,843,1033917596,1,844);
INSERT INTO "ezsearch_object_word_link" ("contentclass_attribute_id", "contentclass_id", "contentobject_id", "frequency", "id", "identifier", "integer_value", "next_word_id", "placement", "prev_word_id", "published", "section_id", "word_id") VALUES (156,1,1,0,4449,'description',0,801,68,844,1033917596,1,845);
INSERT INTO "ezsearch_object_word_link" ("contentclass_attribute_id", "contentclass_id", "contentobject_id", "frequency", "id", "identifier", "integer_value", "next_word_id", "placement", "prev_word_id", "published", "section_id", "word_id") VALUES (156,1,1,0,4450,'description',0,846,69,845,1033917596,1,801);
INSERT INTO "ezsearch_object_word_link" ("contentclass_attribute_id", "contentclass_id", "contentobject_id", "frequency", "id", "identifier", "integer_value", "next_word_id", "placement", "prev_word_id", "published", "section_id", "word_id") VALUES (156,1,1,0,4451,'description',0,847,70,801,1033917596,1,846);
INSERT INTO "ezsearch_object_word_link" ("contentclass_attribute_id", "contentclass_id", "contentobject_id", "frequency", "id", "identifier", "integer_value", "next_word_id", "placement", "prev_word_id", "published", "section_id", "word_id") VALUES (156,1,1,0,4452,'description',0,848,71,846,1033917596,1,847);
INSERT INTO "ezsearch_object_word_link" ("contentclass_attribute_id", "contentclass_id", "contentobject_id", "frequency", "id", "identifier", "integer_value", "next_word_id", "placement", "prev_word_id", "published", "section_id", "word_id") VALUES (156,1,1,0,4453,'description',0,810,72,847,1033917596,1,848);
INSERT INTO "ezsearch_object_word_link" ("contentclass_attribute_id", "contentclass_id", "contentobject_id", "frequency", "id", "identifier", "integer_value", "next_word_id", "placement", "prev_word_id", "published", "section_id", "word_id") VALUES (156,1,1,0,4454,'description',0,849,73,848,1033917596,1,810);
INSERT INTO "ezsearch_object_word_link" ("contentclass_attribute_id", "contentclass_id", "contentobject_id", "frequency", "id", "identifier", "integer_value", "next_word_id", "placement", "prev_word_id", "published", "section_id", "word_id") VALUES (156,1,1,0,4455,'description',0,850,74,810,1033917596,1,849);
INSERT INTO "ezsearch_object_word_link" ("contentclass_attribute_id", "contentclass_id", "contentobject_id", "frequency", "id", "identifier", "integer_value", "next_word_id", "placement", "prev_word_id", "published", "section_id", "word_id") VALUES (156,1,1,0,4456,'description',0,801,75,849,1033917596,1,850);
INSERT INTO "ezsearch_object_word_link" ("contentclass_attribute_id", "contentclass_id", "contentobject_id", "frequency", "id", "identifier", "integer_value", "next_word_id", "placement", "prev_word_id", "published", "section_id", "word_id") VALUES (156,1,1,0,4457,'description',0,810,76,850,1033917596,1,801);
INSERT INTO "ezsearch_object_word_link" ("contentclass_attribute_id", "contentclass_id", "contentobject_id", "frequency", "id", "identifier", "integer_value", "next_word_id", "placement", "prev_word_id", "published", "section_id", "word_id") VALUES (156,1,1,0,4458,'description',0,851,77,801,1033917596,1,810);
INSERT INTO "ezsearch_object_word_link" ("contentclass_attribute_id", "contentclass_id", "contentobject_id", "frequency", "id", "identifier", "integer_value", "next_word_id", "placement", "prev_word_id", "published", "section_id", "word_id") VALUES (156,1,1,0,4459,'description',0,852,78,810,1033917596,1,851);
INSERT INTO "ezsearch_object_word_link" ("contentclass_attribute_id", "contentclass_id", "contentobject_id", "frequency", "id", "identifier", "integer_value", "next_word_id", "placement", "prev_word_id", "published", "section_id", "word_id") VALUES (156,1,1,0,4460,'description',0,821,79,851,1033917596,1,852);
INSERT INTO "ezsearch_object_word_link" ("contentclass_attribute_id", "contentclass_id", "contentobject_id", "frequency", "id", "identifier", "integer_value", "next_word_id", "placement", "prev_word_id", "published", "section_id", "word_id") VALUES (156,1,1,0,4461,'description',0,809,80,852,1033917596,1,821);
INSERT INTO "ezsearch_object_word_link" ("contentclass_attribute_id", "contentclass_id", "contentobject_id", "frequency", "id", "identifier", "integer_value", "next_word_id", "placement", "prev_word_id", "published", "section_id", "word_id") VALUES (156,1,1,0,4462,'description',0,853,81,821,1033917596,1,809);
INSERT INTO "ezsearch_object_word_link" ("contentclass_attribute_id", "contentclass_id", "contentobject_id", "frequency", "id", "identifier", "integer_value", "next_word_id", "placement", "prev_word_id", "published", "section_id", "word_id") VALUES (156,1,1,0,4463,'description',0,854,82,809,1033917596,1,853);
INSERT INTO "ezsearch_object_word_link" ("contentclass_attribute_id", "contentclass_id", "contentobject_id", "frequency", "id", "identifier", "integer_value", "next_word_id", "placement", "prev_word_id", "published", "section_id", "word_id") VALUES (156,1,1,0,4464,'description',0,855,83,853,1033917596,1,854);
INSERT INTO "ezsearch_object_word_link" ("contentclass_attribute_id", "contentclass_id", "contentobject_id", "frequency", "id", "identifier", "integer_value", "next_word_id", "placement", "prev_word_id", "published", "section_id", "word_id") VALUES (156,1,1,0,4465,'description',0,856,84,854,1033917596,1,855);
INSERT INTO "ezsearch_object_word_link" ("contentclass_attribute_id", "contentclass_id", "contentobject_id", "frequency", "id", "identifier", "integer_value", "next_word_id", "placement", "prev_word_id", "published", "section_id", "word_id") VALUES (156,1,1,0,4466,'description',0,857,85,855,1033917596,1,856);
INSERT INTO "ezsearch_object_word_link" ("contentclass_attribute_id", "contentclass_id", "contentobject_id", "frequency", "id", "identifier", "integer_value", "next_word_id", "placement", "prev_word_id", "published", "section_id", "word_id") VALUES (156,1,1,0,4467,'description',0,858,86,856,1033917596,1,857);
INSERT INTO "ezsearch_object_word_link" ("contentclass_attribute_id", "contentclass_id", "contentobject_id", "frequency", "id", "identifier", "integer_value", "next_word_id", "placement", "prev_word_id", "published", "section_id", "word_id") VALUES (156,1,1,0,4468,'description',0,859,87,857,1033917596,1,858);
INSERT INTO "ezsearch_object_word_link" ("contentclass_attribute_id", "contentclass_id", "contentobject_id", "frequency", "id", "identifier", "integer_value", "next_word_id", "placement", "prev_word_id", "published", "section_id", "word_id") VALUES (156,1,1,0,4469,'description',0,860,88,858,1033917596,1,859);
INSERT INTO "ezsearch_object_word_link" ("contentclass_attribute_id", "contentclass_id", "contentobject_id", "frequency", "id", "identifier", "integer_value", "next_word_id", "placement", "prev_word_id", "published", "section_id", "word_id") VALUES (156,1,1,0,4470,'description',0,833,89,859,1033917596,1,860);
INSERT INTO "ezsearch_object_word_link" ("contentclass_attribute_id", "contentclass_id", "contentobject_id", "frequency", "id", "identifier", "integer_value", "next_word_id", "placement", "prev_word_id", "published", "section_id", "word_id") VALUES (156,1,1,0,4471,'description',0,861,90,860,1033917596,1,833);
INSERT INTO "ezsearch_object_word_link" ("contentclass_attribute_id", "contentclass_id", "contentobject_id", "frequency", "id", "identifier", "integer_value", "next_word_id", "placement", "prev_word_id", "published", "section_id", "word_id") VALUES (156,1,1,0,4472,'description',0,862,91,833,1033917596,1,861);
INSERT INTO "ezsearch_object_word_link" ("contentclass_attribute_id", "contentclass_id", "contentobject_id", "frequency", "id", "identifier", "integer_value", "next_word_id", "placement", "prev_word_id", "published", "section_id", "word_id") VALUES (156,1,1,0,4473,'description',0,815,92,861,1033917596,1,862);
INSERT INTO "ezsearch_object_word_link" ("contentclass_attribute_id", "contentclass_id", "contentobject_id", "frequency", "id", "identifier", "integer_value", "next_word_id", "placement", "prev_word_id", "published", "section_id", "word_id") VALUES (156,1,1,0,4474,'description',0,863,93,862,1033917596,1,815);
INSERT INTO "ezsearch_object_word_link" ("contentclass_attribute_id", "contentclass_id", "contentobject_id", "frequency", "id", "identifier", "integer_value", "next_word_id", "placement", "prev_word_id", "published", "section_id", "word_id") VALUES (156,1,1,0,4475,'description',0,864,94,815,1033917596,1,863);
INSERT INTO "ezsearch_object_word_link" ("contentclass_attribute_id", "contentclass_id", "contentobject_id", "frequency", "id", "identifier", "integer_value", "next_word_id", "placement", "prev_word_id", "published", "section_id", "word_id") VALUES (156,1,1,0,4476,'description',0,865,95,863,1033917596,1,864);
INSERT INTO "ezsearch_object_word_link" ("contentclass_attribute_id", "contentclass_id", "contentobject_id", "frequency", "id", "identifier", "integer_value", "next_word_id", "placement", "prev_word_id", "published", "section_id", "word_id") VALUES (156,1,1,0,4477,'description',0,813,96,864,1033917596,1,865);
INSERT INTO "ezsearch_object_word_link" ("contentclass_attribute_id", "contentclass_id", "contentobject_id", "frequency", "id", "identifier", "integer_value", "next_word_id", "placement", "prev_word_id", "published", "section_id", "word_id") VALUES (156,1,1,0,4478,'description',0,866,97,865,1033917596,1,813);
INSERT INTO "ezsearch_object_word_link" ("contentclass_attribute_id", "contentclass_id", "contentobject_id", "frequency", "id", "identifier", "integer_value", "next_word_id", "placement", "prev_word_id", "published", "section_id", "word_id") VALUES (156,1,1,0,4479,'description',0,828,98,813,1033917596,1,866);
INSERT INTO "ezsearch_object_word_link" ("contentclass_attribute_id", "contentclass_id", "contentobject_id", "frequency", "id", "identifier", "integer_value", "next_word_id", "placement", "prev_word_id", "published", "section_id", "word_id") VALUES (156,1,1,0,4480,'description',0,867,99,866,1033917596,1,828);
INSERT INTO "ezsearch_object_word_link" ("contentclass_attribute_id", "contentclass_id", "contentobject_id", "frequency", "id", "identifier", "integer_value", "next_word_id", "placement", "prev_word_id", "published", "section_id", "word_id") VALUES (156,1,1,0,4481,'description',0,802,100,828,1033917596,1,867);
INSERT INTO "ezsearch_object_word_link" ("contentclass_attribute_id", "contentclass_id", "contentobject_id", "frequency", "id", "identifier", "integer_value", "next_word_id", "placement", "prev_word_id", "published", "section_id", "word_id") VALUES (156,1,1,0,4482,'description',0,803,101,867,1033917596,1,802);
INSERT INTO "ezsearch_object_word_link" ("contentclass_attribute_id", "contentclass_id", "contentobject_id", "frequency", "id", "identifier", "integer_value", "next_word_id", "placement", "prev_word_id", "published", "section_id", "word_id") VALUES (156,1,1,0,4483,'description',0,843,102,802,1033917596,1,803);
INSERT INTO "ezsearch_object_word_link" ("contentclass_attribute_id", "contentclass_id", "contentobject_id", "frequency", "id", "identifier", "integer_value", "next_word_id", "placement", "prev_word_id", "published", "section_id", "word_id") VALUES (156,1,1,0,4484,'description',0,868,103,803,1033917596,1,843);
INSERT INTO "ezsearch_object_word_link" ("contentclass_attribute_id", "contentclass_id", "contentobject_id", "frequency", "id", "identifier", "integer_value", "next_word_id", "placement", "prev_word_id", "published", "section_id", "word_id") VALUES (156,1,1,0,4485,'description',0,844,104,843,1033917596,1,868);
INSERT INTO "ezsearch_object_word_link" ("contentclass_attribute_id", "contentclass_id", "contentobject_id", "frequency", "id", "identifier", "integer_value", "next_word_id", "placement", "prev_word_id", "published", "section_id", "word_id") VALUES (156,1,1,0,4486,'description',0,869,105,868,1033917596,1,844);
INSERT INTO "ezsearch_object_word_link" ("contentclass_attribute_id", "contentclass_id", "contentobject_id", "frequency", "id", "identifier", "integer_value", "next_word_id", "placement", "prev_word_id", "published", "section_id", "word_id") VALUES (156,1,1,0,4487,'description',0,870,106,844,1033917596,1,869);
INSERT INTO "ezsearch_object_word_link" ("contentclass_attribute_id", "contentclass_id", "contentobject_id", "frequency", "id", "identifier", "integer_value", "next_word_id", "placement", "prev_word_id", "published", "section_id", "word_id") VALUES (156,1,1,0,4488,'description',0,871,107,869,1033917596,1,870);
INSERT INTO "ezsearch_object_word_link" ("contentclass_attribute_id", "contentclass_id", "contentobject_id", "frequency", "id", "identifier", "integer_value", "next_word_id", "placement", "prev_word_id", "published", "section_id", "word_id") VALUES (156,1,1,0,4489,'description',0,833,108,870,1033917596,1,871);
INSERT INTO "ezsearch_object_word_link" ("contentclass_attribute_id", "contentclass_id", "contentobject_id", "frequency", "id", "identifier", "integer_value", "next_word_id", "placement", "prev_word_id", "published", "section_id", "word_id") VALUES (156,1,1,0,4490,'description',0,872,109,871,1033917596,1,833);
INSERT INTO "ezsearch_object_word_link" ("contentclass_attribute_id", "contentclass_id", "contentobject_id", "frequency", "id", "identifier", "integer_value", "next_word_id", "placement", "prev_word_id", "published", "section_id", "word_id") VALUES (156,1,1,0,4491,'description',0,809,110,833,1033917596,1,872);
INSERT INTO "ezsearch_object_word_link" ("contentclass_attribute_id", "contentclass_id", "contentobject_id", "frequency", "id", "identifier", "integer_value", "next_word_id", "placement", "prev_word_id", "published", "section_id", "word_id") VALUES (156,1,1,0,4492,'description',0,873,111,872,1033917596,1,809);
INSERT INTO "ezsearch_object_word_link" ("contentclass_attribute_id", "contentclass_id", "contentobject_id", "frequency", "id", "identifier", "integer_value", "next_word_id", "placement", "prev_word_id", "published", "section_id", "word_id") VALUES (156,1,1,0,4493,'description',0,836,112,809,1033917596,1,873);
INSERT INTO "ezsearch_object_word_link" ("contentclass_attribute_id", "contentclass_id", "contentobject_id", "frequency", "id", "identifier", "integer_value", "next_word_id", "placement", "prev_word_id", "published", "section_id", "word_id") VALUES (156,1,1,0,4494,'description',0,842,113,873,1033917596,1,836);
INSERT INTO "ezsearch_object_word_link" ("contentclass_attribute_id", "contentclass_id", "contentobject_id", "frequency", "id", "identifier", "integer_value", "next_word_id", "placement", "prev_word_id", "published", "section_id", "word_id") VALUES (156,1,1,0,4495,'description',0,874,114,836,1033917596,1,842);
INSERT INTO "ezsearch_object_word_link" ("contentclass_attribute_id", "contentclass_id", "contentobject_id", "frequency", "id", "identifier", "integer_value", "next_word_id", "placement", "prev_word_id", "published", "section_id", "word_id") VALUES (156,1,1,0,4496,'description',0,833,115,842,1033917596,1,874);
INSERT INTO "ezsearch_object_word_link" ("contentclass_attribute_id", "contentclass_id", "contentobject_id", "frequency", "id", "identifier", "integer_value", "next_word_id", "placement", "prev_word_id", "published", "section_id", "word_id") VALUES (156,1,1,0,4497,'description',0,875,116,874,1033917596,1,833);
INSERT INTO "ezsearch_object_word_link" ("contentclass_attribute_id", "contentclass_id", "contentobject_id", "frequency", "id", "identifier", "integer_value", "next_word_id", "placement", "prev_word_id", "published", "section_id", "word_id") VALUES (156,1,1,0,4498,'description',0,814,117,833,1033917596,1,875);
INSERT INTO "ezsearch_object_word_link" ("contentclass_attribute_id", "contentclass_id", "contentobject_id", "frequency", "id", "identifier", "integer_value", "next_word_id", "placement", "prev_word_id", "published", "section_id", "word_id") VALUES (156,1,1,0,4499,'description',0,802,118,875,1033917596,1,814);
INSERT INTO "ezsearch_object_word_link" ("contentclass_attribute_id", "contentclass_id", "contentobject_id", "frequency", "id", "identifier", "integer_value", "next_word_id", "placement", "prev_word_id", "published", "section_id", "word_id") VALUES (156,1,1,0,4500,'description',0,803,119,814,1033917596,1,802);
INSERT INTO "ezsearch_object_word_link" ("contentclass_attribute_id", "contentclass_id", "contentobject_id", "frequency", "id", "identifier", "integer_value", "next_word_id", "placement", "prev_word_id", "published", "section_id", "word_id") VALUES (156,1,1,0,4501,'description',0,874,120,802,1033917596,1,803);
INSERT INTO "ezsearch_object_word_link" ("contentclass_attribute_id", "contentclass_id", "contentobject_id", "frequency", "id", "identifier", "integer_value", "next_word_id", "placement", "prev_word_id", "published", "section_id", "word_id") VALUES (156,1,1,0,4502,'description',0,876,121,803,1033917596,1,874);
INSERT INTO "ezsearch_object_word_link" ("contentclass_attribute_id", "contentclass_id", "contentobject_id", "frequency", "id", "identifier", "integer_value", "next_word_id", "placement", "prev_word_id", "published", "section_id", "word_id") VALUES (156,1,1,0,4503,'description',0,877,122,874,1033917596,1,876);
INSERT INTO "ezsearch_object_word_link" ("contentclass_attribute_id", "contentclass_id", "contentobject_id", "frequency", "id", "identifier", "integer_value", "next_word_id", "placement", "prev_word_id", "published", "section_id", "word_id") VALUES (156,1,1,0,4504,'description',0,878,123,876,1033917596,1,877);
INSERT INTO "ezsearch_object_word_link" ("contentclass_attribute_id", "contentclass_id", "contentobject_id", "frequency", "id", "identifier", "integer_value", "next_word_id", "placement", "prev_word_id", "published", "section_id", "word_id") VALUES (156,1,1,0,4505,'description',0,879,124,877,1033917596,1,878);
INSERT INTO "ezsearch_object_word_link" ("contentclass_attribute_id", "contentclass_id", "contentobject_id", "frequency", "id", "identifier", "integer_value", "next_word_id", "placement", "prev_word_id", "published", "section_id", "word_id") VALUES (156,1,1,0,4506,'description',0,801,125,878,1033917596,1,879);
INSERT INTO "ezsearch_object_word_link" ("contentclass_attribute_id", "contentclass_id", "contentobject_id", "frequency", "id", "identifier", "integer_value", "next_word_id", "placement", "prev_word_id", "published", "section_id", "word_id") VALUES (156,1,1,0,4507,'description',0,814,126,879,1033917596,1,801);
INSERT INTO "ezsearch_object_word_link" ("contentclass_attribute_id", "contentclass_id", "contentobject_id", "frequency", "id", "identifier", "integer_value", "next_word_id", "placement", "prev_word_id", "published", "section_id", "word_id") VALUES (156,1,1,0,4508,'description',0,812,127,801,1033917596,1,814);
INSERT INTO "ezsearch_object_word_link" ("contentclass_attribute_id", "contentclass_id", "contentobject_id", "frequency", "id", "identifier", "integer_value", "next_word_id", "placement", "prev_word_id", "published", "section_id", "word_id") VALUES (156,1,1,0,4509,'description',0,833,128,814,1033917596,1,812);
INSERT INTO "ezsearch_object_word_link" ("contentclass_attribute_id", "contentclass_id", "contentobject_id", "frequency", "id", "identifier", "integer_value", "next_word_id", "placement", "prev_word_id", "published", "section_id", "word_id") VALUES (156,1,1,0,4510,'description',0,880,129,812,1033917596,1,833);
INSERT INTO "ezsearch_object_word_link" ("contentclass_attribute_id", "contentclass_id", "contentobject_id", "frequency", "id", "identifier", "integer_value", "next_word_id", "placement", "prev_word_id", "published", "section_id", "word_id") VALUES (156,1,1,0,4511,'description',0,881,130,833,1033917596,1,880);
INSERT INTO "ezsearch_object_word_link" ("contentclass_attribute_id", "contentclass_id", "contentobject_id", "frequency", "id", "identifier", "integer_value", "next_word_id", "placement", "prev_word_id", "published", "section_id", "word_id") VALUES (156,1,1,0,4512,'description',0,813,131,880,1033917596,1,881);
INSERT INTO "ezsearch_object_word_link" ("contentclass_attribute_id", "contentclass_id", "contentobject_id", "frequency", "id", "identifier", "integer_value", "next_word_id", "placement", "prev_word_id", "published", "section_id", "word_id") VALUES (156,1,1,0,4513,'description',0,814,132,881,1033917596,1,813);
INSERT INTO "ezsearch_object_word_link" ("contentclass_attribute_id", "contentclass_id", "contentobject_id", "frequency", "id", "identifier", "integer_value", "next_word_id", "placement", "prev_word_id", "published", "section_id", "word_id") VALUES (156,1,1,0,4514,'description',0,802,133,813,1033917596,1,814);
INSERT INTO "ezsearch_object_word_link" ("contentclass_attribute_id", "contentclass_id", "contentobject_id", "frequency", "id", "identifier", "integer_value", "next_word_id", "placement", "prev_word_id", "published", "section_id", "word_id") VALUES (156,1,1,0,4515,'description',0,803,134,814,1033917596,1,802);
INSERT INTO "ezsearch_object_word_link" ("contentclass_attribute_id", "contentclass_id", "contentobject_id", "frequency", "id", "identifier", "integer_value", "next_word_id", "placement", "prev_word_id", "published", "section_id", "word_id") VALUES (156,1,1,0,4516,'description',0,830,135,802,1033917596,1,803);
INSERT INTO "ezsearch_object_word_link" ("contentclass_attribute_id", "contentclass_id", "contentobject_id", "frequency", "id", "identifier", "integer_value", "next_word_id", "placement", "prev_word_id", "published", "section_id", "word_id") VALUES (156,1,1,0,4517,'description',0,831,136,803,1033917596,1,830);
INSERT INTO "ezsearch_object_word_link" ("contentclass_attribute_id", "contentclass_id", "contentobject_id", "frequency", "id", "identifier", "integer_value", "next_word_id", "placement", "prev_word_id", "published", "section_id", "word_id") VALUES (156,1,1,0,4518,'description',0,832,137,830,1033917596,1,831);
INSERT INTO "ezsearch_object_word_link" ("contentclass_attribute_id", "contentclass_id", "contentobject_id", "frequency", "id", "identifier", "integer_value", "next_word_id", "placement", "prev_word_id", "published", "section_id", "word_id") VALUES (156,1,1,0,4519,'description',0,835,138,831,1033917596,1,832);
INSERT INTO "ezsearch_object_word_link" ("contentclass_attribute_id", "contentclass_id", "contentobject_id", "frequency", "id", "identifier", "integer_value", "next_word_id", "placement", "prev_word_id", "published", "section_id", "word_id") VALUES (156,1,1,0,4520,'description',0,863,139,832,1033917596,1,835);
INSERT INTO "ezsearch_object_word_link" ("contentclass_attribute_id", "contentclass_id", "contentobject_id", "frequency", "id", "identifier", "integer_value", "next_word_id", "placement", "prev_word_id", "published", "section_id", "word_id") VALUES (156,1,1,0,4521,'description',0,864,140,835,1033917596,1,863);
INSERT INTO "ezsearch_object_word_link" ("contentclass_attribute_id", "contentclass_id", "contentobject_id", "frequency", "id", "identifier", "integer_value", "next_word_id", "placement", "prev_word_id", "published", "section_id", "word_id") VALUES (156,1,1,0,4522,'description',0,836,141,863,1033917596,1,864);
INSERT INTO "ezsearch_object_word_link" ("contentclass_attribute_id", "contentclass_id", "contentobject_id", "frequency", "id", "identifier", "integer_value", "next_word_id", "placement", "prev_word_id", "published", "section_id", "word_id") VALUES (156,1,1,0,4523,'description',0,882,142,864,1033917596,1,836);
INSERT INTO "ezsearch_object_word_link" ("contentclass_attribute_id", "contentclass_id", "contentobject_id", "frequency", "id", "identifier", "integer_value", "next_word_id", "placement", "prev_word_id", "published", "section_id", "word_id") VALUES (156,1,1,0,4524,'description',0,876,143,836,1033917596,1,882);
INSERT INTO "ezsearch_object_word_link" ("contentclass_attribute_id", "contentclass_id", "contentobject_id", "frequency", "id", "identifier", "integer_value", "next_word_id", "placement", "prev_word_id", "published", "section_id", "word_id") VALUES (156,1,1,0,4525,'description',0,883,144,882,1033917596,1,876);
INSERT INTO "ezsearch_object_word_link" ("contentclass_attribute_id", "contentclass_id", "contentobject_id", "frequency", "id", "identifier", "integer_value", "next_word_id", "placement", "prev_word_id", "published", "section_id", "word_id") VALUES (156,1,1,0,4526,'description',0,862,145,876,1033917596,1,883);
INSERT INTO "ezsearch_object_word_link" ("contentclass_attribute_id", "contentclass_id", "contentobject_id", "frequency", "id", "identifier", "integer_value", "next_word_id", "placement", "prev_word_id", "published", "section_id", "word_id") VALUES (156,1,1,0,4527,'description',0,878,146,883,1033917596,1,862);
INSERT INTO "ezsearch_object_word_link" ("contentclass_attribute_id", "contentclass_id", "contentobject_id", "frequency", "id", "identifier", "integer_value", "next_word_id", "placement", "prev_word_id", "published", "section_id", "word_id") VALUES (156,1,1,0,4528,'description',0,884,147,862,1033917596,1,878);
INSERT INTO "ezsearch_object_word_link" ("contentclass_attribute_id", "contentclass_id", "contentobject_id", "frequency", "id", "identifier", "integer_value", "next_word_id", "placement", "prev_word_id", "published", "section_id", "word_id") VALUES (156,1,1,0,4529,'description',0,885,148,878,1033917596,1,884);
INSERT INTO "ezsearch_object_word_link" ("contentclass_attribute_id", "contentclass_id", "contentobject_id", "frequency", "id", "identifier", "integer_value", "next_word_id", "placement", "prev_word_id", "published", "section_id", "word_id") VALUES (156,1,1,0,4530,'description',0,886,149,884,1033917596,1,885);
INSERT INTO "ezsearch_object_word_link" ("contentclass_attribute_id", "contentclass_id", "contentobject_id", "frequency", "id", "identifier", "integer_value", "next_word_id", "placement", "prev_word_id", "published", "section_id", "word_id") VALUES (156,1,1,0,4531,'description',0,887,150,885,1033917596,1,886);
INSERT INTO "ezsearch_object_word_link" ("contentclass_attribute_id", "contentclass_id", "contentobject_id", "frequency", "id", "identifier", "integer_value", "next_word_id", "placement", "prev_word_id", "published", "section_id", "word_id") VALUES (156,1,1,0,4532,'description',0,809,151,886,1033917596,1,887);
INSERT INTO "ezsearch_object_word_link" ("contentclass_attribute_id", "contentclass_id", "contentobject_id", "frequency", "id", "identifier", "integer_value", "next_word_id", "placement", "prev_word_id", "published", "section_id", "word_id") VALUES (156,1,1,0,4533,'description',0,802,152,887,1033917596,1,809);
INSERT INTO "ezsearch_object_word_link" ("contentclass_attribute_id", "contentclass_id", "contentobject_id", "frequency", "id", "identifier", "integer_value", "next_word_id", "placement", "prev_word_id", "published", "section_id", "word_id") VALUES (156,1,1,0,4534,'description',0,803,153,809,1033917596,1,802);
INSERT INTO "ezsearch_object_word_link" ("contentclass_attribute_id", "contentclass_id", "contentobject_id", "frequency", "id", "identifier", "integer_value", "next_word_id", "placement", "prev_word_id", "published", "section_id", "word_id") VALUES (156,1,1,0,4535,'description',0,888,154,802,1033917596,1,803);
INSERT INTO "ezsearch_object_word_link" ("contentclass_attribute_id", "contentclass_id", "contentobject_id", "frequency", "id", "identifier", "integer_value", "next_word_id", "placement", "prev_word_id", "published", "section_id", "word_id") VALUES (156,1,1,0,4536,'description',0,825,155,803,1033917596,1,888);
INSERT INTO "ezsearch_object_word_link" ("contentclass_attribute_id", "contentclass_id", "contentobject_id", "frequency", "id", "identifier", "integer_value", "next_word_id", "placement", "prev_word_id", "published", "section_id", "word_id") VALUES (156,1,1,0,4537,'description',0,889,156,888,1033917596,1,825);
INSERT INTO "ezsearch_object_word_link" ("contentclass_attribute_id", "contentclass_id", "contentobject_id", "frequency", "id", "identifier", "integer_value", "next_word_id", "placement", "prev_word_id", "published", "section_id", "word_id") VALUES (156,1,1,0,4538,'description',0,890,157,825,1033917596,1,889);
INSERT INTO "ezsearch_object_word_link" ("contentclass_attribute_id", "contentclass_id", "contentobject_id", "frequency", "id", "identifier", "integer_value", "next_word_id", "placement", "prev_word_id", "published", "section_id", "word_id") VALUES (156,1,1,0,4539,'description',0,814,158,889,1033917596,1,890);
INSERT INTO "ezsearch_object_word_link" ("contentclass_attribute_id", "contentclass_id", "contentobject_id", "frequency", "id", "identifier", "integer_value", "next_word_id", "placement", "prev_word_id", "published", "section_id", "word_id") VALUES (156,1,1,0,4540,'description',0,802,159,890,1033917596,1,814);
INSERT INTO "ezsearch_object_word_link" ("contentclass_attribute_id", "contentclass_id", "contentobject_id", "frequency", "id", "identifier", "integer_value", "next_word_id", "placement", "prev_word_id", "published", "section_id", "word_id") VALUES (156,1,1,0,4541,'description',0,803,160,814,1033917596,1,802);
INSERT INTO "ezsearch_object_word_link" ("contentclass_attribute_id", "contentclass_id", "contentobject_id", "frequency", "id", "identifier", "integer_value", "next_word_id", "placement", "prev_word_id", "published", "section_id", "word_id") VALUES (156,1,1,0,4542,'description',0,891,161,802,1033917596,1,803);
INSERT INTO "ezsearch_object_word_link" ("contentclass_attribute_id", "contentclass_id", "contentobject_id", "frequency", "id", "identifier", "integer_value", "next_word_id", "placement", "prev_word_id", "published", "section_id", "word_id") VALUES (156,1,1,0,4543,'description',0,892,162,803,1033917596,1,891);
INSERT INTO "ezsearch_object_word_link" ("contentclass_attribute_id", "contentclass_id", "contentobject_id", "frequency", "id", "identifier", "integer_value", "next_word_id", "placement", "prev_word_id", "published", "section_id", "word_id") VALUES (156,1,1,0,4544,'description',0,893,163,891,1033917596,1,892);
INSERT INTO "ezsearch_object_word_link" ("contentclass_attribute_id", "contentclass_id", "contentobject_id", "frequency", "id", "identifier", "integer_value", "next_word_id", "placement", "prev_word_id", "published", "section_id", "word_id") VALUES (156,1,1,0,4545,'description',0,894,164,892,1033917596,1,893);
INSERT INTO "ezsearch_object_word_link" ("contentclass_attribute_id", "contentclass_id", "contentobject_id", "frequency", "id", "identifier", "integer_value", "next_word_id", "placement", "prev_word_id", "published", "section_id", "word_id") VALUES (156,1,1,0,4546,'description',0,895,165,893,1033917596,1,894);
INSERT INTO "ezsearch_object_word_link" ("contentclass_attribute_id", "contentclass_id", "contentobject_id", "frequency", "id", "identifier", "integer_value", "next_word_id", "placement", "prev_word_id", "published", "section_id", "word_id") VALUES (156,1,1,0,4547,'description',0,896,166,894,1033917596,1,895);
INSERT INTO "ezsearch_object_word_link" ("contentclass_attribute_id", "contentclass_id", "contentobject_id", "frequency", "id", "identifier", "integer_value", "next_word_id", "placement", "prev_word_id", "published", "section_id", "word_id") VALUES (156,1,1,0,4548,'description',0,801,167,895,1033917596,1,896);
INSERT INTO "ezsearch_object_word_link" ("contentclass_attribute_id", "contentclass_id", "contentobject_id", "frequency", "id", "identifier", "integer_value", "next_word_id", "placement", "prev_word_id", "published", "section_id", "word_id") VALUES (156,1,1,0,4549,'description',0,897,168,896,1033917596,1,801);
INSERT INTO "ezsearch_object_word_link" ("contentclass_attribute_id", "contentclass_id", "contentobject_id", "frequency", "id", "identifier", "integer_value", "next_word_id", "placement", "prev_word_id", "published", "section_id", "word_id") VALUES (156,1,1,0,4550,'description',0,898,169,801,1033917596,1,897);
INSERT INTO "ezsearch_object_word_link" ("contentclass_attribute_id", "contentclass_id", "contentobject_id", "frequency", "id", "identifier", "integer_value", "next_word_id", "placement", "prev_word_id", "published", "section_id", "word_id") VALUES (156,1,1,0,4551,'description',0,899,170,897,1033917596,1,898);
INSERT INTO "ezsearch_object_word_link" ("contentclass_attribute_id", "contentclass_id", "contentobject_id", "frequency", "id", "identifier", "integer_value", "next_word_id", "placement", "prev_word_id", "published", "section_id", "word_id") VALUES (156,1,1,0,4552,'description',0,900,171,898,1033917596,1,899);
INSERT INTO "ezsearch_object_word_link" ("contentclass_attribute_id", "contentclass_id", "contentobject_id", "frequency", "id", "identifier", "integer_value", "next_word_id", "placement", "prev_word_id", "published", "section_id", "word_id") VALUES (156,1,1,0,4553,'description',0,801,172,899,1033917596,1,900);
INSERT INTO "ezsearch_object_word_link" ("contentclass_attribute_id", "contentclass_id", "contentobject_id", "frequency", "id", "identifier", "integer_value", "next_word_id", "placement", "prev_word_id", "published", "section_id", "word_id") VALUES (156,1,1,0,4554,'description',0,810,173,900,1033917596,1,801);
INSERT INTO "ezsearch_object_word_link" ("contentclass_attribute_id", "contentclass_id", "contentobject_id", "frequency", "id", "identifier", "integer_value", "next_word_id", "placement", "prev_word_id", "published", "section_id", "word_id") VALUES (156,1,1,0,4555,'description',0,901,174,801,1033917596,1,810);
INSERT INTO "ezsearch_object_word_link" ("contentclass_attribute_id", "contentclass_id", "contentobject_id", "frequency", "id", "identifier", "integer_value", "next_word_id", "placement", "prev_word_id", "published", "section_id", "word_id") VALUES (156,1,1,0,4556,'description',0,902,175,810,1033917596,1,901);
INSERT INTO "ezsearch_object_word_link" ("contentclass_attribute_id", "contentclass_id", "contentobject_id", "frequency", "id", "identifier", "integer_value", "next_word_id", "placement", "prev_word_id", "published", "section_id", "word_id") VALUES (156,1,1,0,4557,'description',0,903,176,901,1033917596,1,902);
INSERT INTO "ezsearch_object_word_link" ("contentclass_attribute_id", "contentclass_id", "contentobject_id", "frequency", "id", "identifier", "integer_value", "next_word_id", "placement", "prev_word_id", "published", "section_id", "word_id") VALUES (156,1,1,0,4558,'description',0,904,177,902,1033917596,1,903);
INSERT INTO "ezsearch_object_word_link" ("contentclass_attribute_id", "contentclass_id", "contentobject_id", "frequency", "id", "identifier", "integer_value", "next_word_id", "placement", "prev_word_id", "published", "section_id", "word_id") VALUES (156,1,1,0,4559,'description',0,814,178,903,1033917596,1,904);
INSERT INTO "ezsearch_object_word_link" ("contentclass_attribute_id", "contentclass_id", "contentobject_id", "frequency", "id", "identifier", "integer_value", "next_word_id", "placement", "prev_word_id", "published", "section_id", "word_id") VALUES (156,1,1,0,4560,'description',0,874,179,904,1033917596,1,814);
INSERT INTO "ezsearch_object_word_link" ("contentclass_attribute_id", "contentclass_id", "contentobject_id", "frequency", "id", "identifier", "integer_value", "next_word_id", "placement", "prev_word_id", "published", "section_id", "word_id") VALUES (156,1,1,0,4561,'description',0,905,180,814,1033917596,1,874);
INSERT INTO "ezsearch_object_word_link" ("contentclass_attribute_id", "contentclass_id", "contentobject_id", "frequency", "id", "identifier", "integer_value", "next_word_id", "placement", "prev_word_id", "published", "section_id", "word_id") VALUES (156,1,1,0,4562,'description',0,894,181,874,1033917596,1,905);
INSERT INTO "ezsearch_object_word_link" ("contentclass_attribute_id", "contentclass_id", "contentobject_id", "frequency", "id", "identifier", "integer_value", "next_word_id", "placement", "prev_word_id", "published", "section_id", "word_id") VALUES (156,1,1,0,4563,'description',0,888,182,905,1033917596,1,894);
INSERT INTO "ezsearch_object_word_link" ("contentclass_attribute_id", "contentclass_id", "contentobject_id", "frequency", "id", "identifier", "integer_value", "next_word_id", "placement", "prev_word_id", "published", "section_id", "word_id") VALUES (156,1,1,0,4564,'description',0,906,183,894,1033917596,1,888);
INSERT INTO "ezsearch_object_word_link" ("contentclass_attribute_id", "contentclass_id", "contentobject_id", "frequency", "id", "identifier", "integer_value", "next_word_id", "placement", "prev_word_id", "published", "section_id", "word_id") VALUES (156,1,1,0,4565,'description',0,881,184,888,1033917596,1,906);
INSERT INTO "ezsearch_object_word_link" ("contentclass_attribute_id", "contentclass_id", "contentobject_id", "frequency", "id", "identifier", "integer_value", "next_word_id", "placement", "prev_word_id", "published", "section_id", "word_id") VALUES (156,1,1,0,4566,'description',0,813,185,906,1033917596,1,881);
INSERT INTO "ezsearch_object_word_link" ("contentclass_attribute_id", "contentclass_id", "contentobject_id", "frequency", "id", "identifier", "integer_value", "next_word_id", "placement", "prev_word_id", "published", "section_id", "word_id") VALUES (156,1,1,0,4567,'description',0,814,186,881,1033917596,1,813);
INSERT INTO "ezsearch_object_word_link" ("contentclass_attribute_id", "contentclass_id", "contentobject_id", "frequency", "id", "identifier", "integer_value", "next_word_id", "placement", "prev_word_id", "published", "section_id", "word_id") VALUES (156,1,1,0,4568,'description',0,907,187,813,1033917596,1,814);
INSERT INTO "ezsearch_object_word_link" ("contentclass_attribute_id", "contentclass_id", "contentobject_id", "frequency", "id", "identifier", "integer_value", "next_word_id", "placement", "prev_word_id", "published", "section_id", "word_id") VALUES (156,1,1,0,4569,'description',0,802,188,814,1033917596,1,907);
INSERT INTO "ezsearch_object_word_link" ("contentclass_attribute_id", "contentclass_id", "contentobject_id", "frequency", "id", "identifier", "integer_value", "next_word_id", "placement", "prev_word_id", "published", "section_id", "word_id") VALUES (156,1,1,0,4570,'description',0,803,189,907,1033917596,1,802);
INSERT INTO "ezsearch_object_word_link" ("contentclass_attribute_id", "contentclass_id", "contentobject_id", "frequency", "id", "identifier", "integer_value", "next_word_id", "placement", "prev_word_id", "published", "section_id", "word_id") VALUES (156,1,1,0,4571,'description',0,908,190,802,1033917596,1,803);
INSERT INTO "ezsearch_object_word_link" ("contentclass_attribute_id", "contentclass_id", "contentobject_id", "frequency", "id", "identifier", "integer_value", "next_word_id", "placement", "prev_word_id", "published", "section_id", "word_id") VALUES (156,1,1,0,4572,'description',0,884,191,803,1033917596,1,908);
INSERT INTO "ezsearch_object_word_link" ("contentclass_attribute_id", "contentclass_id", "contentobject_id", "frequency", "id", "identifier", "integer_value", "next_word_id", "placement", "prev_word_id", "published", "section_id", "word_id") VALUES (156,1,1,0,4573,'description',0,885,192,908,1033917596,1,884);
INSERT INTO "ezsearch_object_word_link" ("contentclass_attribute_id", "contentclass_id", "contentobject_id", "frequency", "id", "identifier", "integer_value", "next_word_id", "placement", "prev_word_id", "published", "section_id", "word_id") VALUES (156,1,1,0,4574,'description',0,909,193,884,1033917596,1,885);
INSERT INTO "ezsearch_object_word_link" ("contentclass_attribute_id", "contentclass_id", "contentobject_id", "frequency", "id", "identifier", "integer_value", "next_word_id", "placement", "prev_word_id", "published", "section_id", "word_id") VALUES (156,1,1,0,4575,'description',0,838,194,885,1033917596,1,909);
INSERT INTO "ezsearch_object_word_link" ("contentclass_attribute_id", "contentclass_id", "contentobject_id", "frequency", "id", "identifier", "integer_value", "next_word_id", "placement", "prev_word_id", "published", "section_id", "word_id") VALUES (156,1,1,0,4576,'description',0,910,195,909,1033917596,1,838);
INSERT INTO "ezsearch_object_word_link" ("contentclass_attribute_id", "contentclass_id", "contentobject_id", "frequency", "id", "identifier", "integer_value", "next_word_id", "placement", "prev_word_id", "published", "section_id", "word_id") VALUES (156,1,1,0,4577,'description',0,888,196,838,1033917596,1,910);
INSERT INTO "ezsearch_object_word_link" ("contentclass_attribute_id", "contentclass_id", "contentobject_id", "frequency", "id", "identifier", "integer_value", "next_word_id", "placement", "prev_word_id", "published", "section_id", "word_id") VALUES (156,1,1,0,4578,'description',0,911,197,910,1033917596,1,888);
INSERT INTO "ezsearch_object_word_link" ("contentclass_attribute_id", "contentclass_id", "contentobject_id", "frequency", "id", "identifier", "integer_value", "next_word_id", "placement", "prev_word_id", "published", "section_id", "word_id") VALUES (156,1,1,0,4579,'description',0,912,198,888,1033917596,1,911);
INSERT INTO "ezsearch_object_word_link" ("contentclass_attribute_id", "contentclass_id", "contentobject_id", "frequency", "id", "identifier", "integer_value", "next_word_id", "placement", "prev_word_id", "published", "section_id", "word_id") VALUES (156,1,1,0,4580,'description',0,823,199,911,1033917596,1,912);
INSERT INTO "ezsearch_object_word_link" ("contentclass_attribute_id", "contentclass_id", "contentobject_id", "frequency", "id", "identifier", "integer_value", "next_word_id", "placement", "prev_word_id", "published", "section_id", "word_id") VALUES (156,1,1,0,4581,'description',0,913,200,912,1033917596,1,823);
INSERT INTO "ezsearch_object_word_link" ("contentclass_attribute_id", "contentclass_id", "contentobject_id", "frequency", "id", "identifier", "integer_value", "next_word_id", "placement", "prev_word_id", "published", "section_id", "word_id") VALUES (156,1,1,0,4582,'description',0,914,201,823,1033917596,1,913);
INSERT INTO "ezsearch_object_word_link" ("contentclass_attribute_id", "contentclass_id", "contentobject_id", "frequency", "id", "identifier", "integer_value", "next_word_id", "placement", "prev_word_id", "published", "section_id", "word_id") VALUES (156,1,1,0,4583,'description',0,836,202,913,1033917596,1,914);
INSERT INTO "ezsearch_object_word_link" ("contentclass_attribute_id", "contentclass_id", "contentobject_id", "frequency", "id", "identifier", "integer_value", "next_word_id", "placement", "prev_word_id", "published", "section_id", "word_id") VALUES (156,1,1,0,4584,'description',0,805,203,914,1033917596,1,836);
INSERT INTO "ezsearch_object_word_link" ("contentclass_attribute_id", "contentclass_id", "contentobject_id", "frequency", "id", "identifier", "integer_value", "next_word_id", "placement", "prev_word_id", "published", "section_id", "word_id") VALUES (156,1,1,0,4585,'description',0,882,204,836,1033917596,1,805);
INSERT INTO "ezsearch_object_word_link" ("contentclass_attribute_id", "contentclass_id", "contentobject_id", "frequency", "id", "identifier", "integer_value", "next_word_id", "placement", "prev_word_id", "published", "section_id", "word_id") VALUES (156,1,1,0,4586,'description',0,915,205,805,1033917596,1,882);
INSERT INTO "ezsearch_object_word_link" ("contentclass_attribute_id", "contentclass_id", "contentobject_id", "frequency", "id", "identifier", "integer_value", "next_word_id", "placement", "prev_word_id", "published", "section_id", "word_id") VALUES (156,1,1,0,4587,'description',0,801,206,882,1033917596,1,915);
INSERT INTO "ezsearch_object_word_link" ("contentclass_attribute_id", "contentclass_id", "contentobject_id", "frequency", "id", "identifier", "integer_value", "next_word_id", "placement", "prev_word_id", "published", "section_id", "word_id") VALUES (156,1,1,0,4588,'description',0,916,207,915,1033917596,1,801);
INSERT INTO "ezsearch_object_word_link" ("contentclass_attribute_id", "contentclass_id", "contentobject_id", "frequency", "id", "identifier", "integer_value", "next_word_id", "placement", "prev_word_id", "published", "section_id", "word_id") VALUES (156,1,1,0,4589,'description',0,917,208,801,1033917596,1,916);
INSERT INTO "ezsearch_object_word_link" ("contentclass_attribute_id", "contentclass_id", "contentobject_id", "frequency", "id", "identifier", "integer_value", "next_word_id", "placement", "prev_word_id", "published", "section_id", "word_id") VALUES (156,1,1,0,4590,'description',0,816,209,916,1033917596,1,917);
INSERT INTO "ezsearch_object_word_link" ("contentclass_attribute_id", "contentclass_id", "contentobject_id", "frequency", "id", "identifier", "integer_value", "next_word_id", "placement", "prev_word_id", "published", "section_id", "word_id") VALUES (156,1,1,0,4591,'description',0,918,210,917,1033917596,1,816);
INSERT INTO "ezsearch_object_word_link" ("contentclass_attribute_id", "contentclass_id", "contentobject_id", "frequency", "id", "identifier", "integer_value", "next_word_id", "placement", "prev_word_id", "published", "section_id", "word_id") VALUES (156,1,1,0,4592,'description',0,919,211,816,1033917596,1,918);
INSERT INTO "ezsearch_object_word_link" ("contentclass_attribute_id", "contentclass_id", "contentobject_id", "frequency", "id", "identifier", "integer_value", "next_word_id", "placement", "prev_word_id", "published", "section_id", "word_id") VALUES (156,1,1,0,4593,'description',0,920,212,918,1033917596,1,919);
INSERT INTO "ezsearch_object_word_link" ("contentclass_attribute_id", "contentclass_id", "contentobject_id", "frequency", "id", "identifier", "integer_value", "next_word_id", "placement", "prev_word_id", "published", "section_id", "word_id") VALUES (156,1,1,0,4594,'description',0,816,213,919,1033917596,1,920);
INSERT INTO "ezsearch_object_word_link" ("contentclass_attribute_id", "contentclass_id", "contentobject_id", "frequency", "id", "identifier", "integer_value", "next_word_id", "placement", "prev_word_id", "published", "section_id", "word_id") VALUES (156,1,1,0,4595,'description',0,921,214,920,1033917596,1,816);
INSERT INTO "ezsearch_object_word_link" ("contentclass_attribute_id", "contentclass_id", "contentobject_id", "frequency", "id", "identifier", "integer_value", "next_word_id", "placement", "prev_word_id", "published", "section_id", "word_id") VALUES (156,1,1,0,4596,'description',0,922,215,816,1033917596,1,921);
INSERT INTO "ezsearch_object_word_link" ("contentclass_attribute_id", "contentclass_id", "contentobject_id", "frequency", "id", "identifier", "integer_value", "next_word_id", "placement", "prev_word_id", "published", "section_id", "word_id") VALUES (156,1,1,0,4597,'description',0,923,216,921,1033917596,1,922);
INSERT INTO "ezsearch_object_word_link" ("contentclass_attribute_id", "contentclass_id", "contentobject_id", "frequency", "id", "identifier", "integer_value", "next_word_id", "placement", "prev_word_id", "published", "section_id", "word_id") VALUES (156,1,1,0,4598,'description',0,802,217,922,1033917596,1,923);
INSERT INTO "ezsearch_object_word_link" ("contentclass_attribute_id", "contentclass_id", "contentobject_id", "frequency", "id", "identifier", "integer_value", "next_word_id", "placement", "prev_word_id", "published", "section_id", "word_id") VALUES (156,1,1,0,4599,'description',0,803,218,923,1033917596,1,802);
INSERT INTO "ezsearch_object_word_link" ("contentclass_attribute_id", "contentclass_id", "contentobject_id", "frequency", "id", "identifier", "integer_value", "next_word_id", "placement", "prev_word_id", "published", "section_id", "word_id") VALUES (156,1,1,0,4600,'description',0,833,219,802,1033917596,1,803);
INSERT INTO "ezsearch_object_word_link" ("contentclass_attribute_id", "contentclass_id", "contentobject_id", "frequency", "id", "identifier", "integer_value", "next_word_id", "placement", "prev_word_id", "published", "section_id", "word_id") VALUES (156,1,1,0,4601,'description',0,861,220,803,1033917596,1,833);
INSERT INTO "ezsearch_object_word_link" ("contentclass_attribute_id", "contentclass_id", "contentobject_id", "frequency", "id", "identifier", "integer_value", "next_word_id", "placement", "prev_word_id", "published", "section_id", "word_id") VALUES (156,1,1,0,4602,'description',0,924,221,833,1033917596,1,861);
INSERT INTO "ezsearch_object_word_link" ("contentclass_attribute_id", "contentclass_id", "contentobject_id", "frequency", "id", "identifier", "integer_value", "next_word_id", "placement", "prev_word_id", "published", "section_id", "word_id") VALUES (156,1,1,0,4603,'description',0,914,222,861,1033917596,1,924);
INSERT INTO "ezsearch_object_word_link" ("contentclass_attribute_id", "contentclass_id", "contentobject_id", "frequency", "id", "identifier", "integer_value", "next_word_id", "placement", "prev_word_id", "published", "section_id", "word_id") VALUES (156,1,1,0,4604,'description',0,848,223,924,1033917596,1,914);
INSERT INTO "ezsearch_object_word_link" ("contentclass_attribute_id", "contentclass_id", "contentobject_id", "frequency", "id", "identifier", "integer_value", "next_word_id", "placement", "prev_word_id", "published", "section_id", "word_id") VALUES (156,1,1,0,4605,'description',0,802,224,914,1033917596,1,848);
INSERT INTO "ezsearch_object_word_link" ("contentclass_attribute_id", "contentclass_id", "contentobject_id", "frequency", "id", "identifier", "integer_value", "next_word_id", "placement", "prev_word_id", "published", "section_id", "word_id") VALUES (156,1,1,0,4606,'description',0,925,225,848,1033917596,1,802);
INSERT INTO "ezsearch_object_word_link" ("contentclass_attribute_id", "contentclass_id", "contentobject_id", "frequency", "id", "identifier", "integer_value", "next_word_id", "placement", "prev_word_id", "published", "section_id", "word_id") VALUES (156,1,1,0,4607,'description',0,819,226,802,1033917596,1,925);
INSERT INTO "ezsearch_object_word_link" ("contentclass_attribute_id", "contentclass_id", "contentobject_id", "frequency", "id", "identifier", "integer_value", "next_word_id", "placement", "prev_word_id", "published", "section_id", "word_id") VALUES (156,1,1,0,4608,'description',0,926,227,925,1033917596,1,819);
INSERT INTO "ezsearch_object_word_link" ("contentclass_attribute_id", "contentclass_id", "contentobject_id", "frequency", "id", "identifier", "integer_value", "next_word_id", "placement", "prev_word_id", "published", "section_id", "word_id") VALUES (156,1,1,0,4609,'description',0,927,228,819,1033917596,1,926);
INSERT INTO "ezsearch_object_word_link" ("contentclass_attribute_id", "contentclass_id", "contentobject_id", "frequency", "id", "identifier", "integer_value", "next_word_id", "placement", "prev_word_id", "published", "section_id", "word_id") VALUES (156,1,1,0,4610,'description',0,928,229,926,1033917596,1,927);
INSERT INTO "ezsearch_object_word_link" ("contentclass_attribute_id", "contentclass_id", "contentobject_id", "frequency", "id", "identifier", "integer_value", "next_word_id", "placement", "prev_word_id", "published", "section_id", "word_id") VALUES (156,1,1,0,4611,'description',0,929,230,927,1033917596,1,928);
INSERT INTO "ezsearch_object_word_link" ("contentclass_attribute_id", "contentclass_id", "contentobject_id", "frequency", "id", "identifier", "integer_value", "next_word_id", "placement", "prev_word_id", "published", "section_id", "word_id") VALUES (156,1,1,0,4612,'description',0,930,231,928,1033917596,1,929);
INSERT INTO "ezsearch_object_word_link" ("contentclass_attribute_id", "contentclass_id", "contentobject_id", "frequency", "id", "identifier", "integer_value", "next_word_id", "placement", "prev_word_id", "published", "section_id", "word_id") VALUES (156,1,1,0,4613,'description',0,802,232,929,1033917596,1,930);
INSERT INTO "ezsearch_object_word_link" ("contentclass_attribute_id", "contentclass_id", "contentobject_id", "frequency", "id", "identifier", "integer_value", "next_word_id", "placement", "prev_word_id", "published", "section_id", "word_id") VALUES (156,1,1,0,4614,'description',0,803,233,930,1033917596,1,802);
INSERT INTO "ezsearch_object_word_link" ("contentclass_attribute_id", "contentclass_id", "contentobject_id", "frequency", "id", "identifier", "integer_value", "next_word_id", "placement", "prev_word_id", "published", "section_id", "word_id") VALUES (156,1,1,0,4615,'description',0,931,234,802,1033917596,1,803);
INSERT INTO "ezsearch_object_word_link" ("contentclass_attribute_id", "contentclass_id", "contentobject_id", "frequency", "id", "identifier", "integer_value", "next_word_id", "placement", "prev_word_id", "published", "section_id", "word_id") VALUES (156,1,1,0,4616,'description',0,822,235,803,1033917596,1,931);
INSERT INTO "ezsearch_object_word_link" ("contentclass_attribute_id", "contentclass_id", "contentobject_id", "frequency", "id", "identifier", "integer_value", "next_word_id", "placement", "prev_word_id", "published", "section_id", "word_id") VALUES (156,1,1,0,4617,'description',0,802,236,931,1033917596,1,822);
INSERT INTO "ezsearch_object_word_link" ("contentclass_attribute_id", "contentclass_id", "contentobject_id", "frequency", "id", "identifier", "integer_value", "next_word_id", "placement", "prev_word_id", "published", "section_id", "word_id") VALUES (156,1,1,0,4618,'description',0,803,237,822,1033917596,1,802);
INSERT INTO "ezsearch_object_word_link" ("contentclass_attribute_id", "contentclass_id", "contentobject_id", "frequency", "id", "identifier", "integer_value", "next_word_id", "placement", "prev_word_id", "published", "section_id", "word_id") VALUES (156,1,1,0,4619,'description',0,857,238,802,1033917596,1,803);
INSERT INTO "ezsearch_object_word_link" ("contentclass_attribute_id", "contentclass_id", "contentobject_id", "frequency", "id", "identifier", "integer_value", "next_word_id", "placement", "prev_word_id", "published", "section_id", "word_id") VALUES (156,1,1,0,4620,'description',0,932,239,803,1033917596,1,857);
INSERT INTO "ezsearch_object_word_link" ("contentclass_attribute_id", "contentclass_id", "contentobject_id", "frequency", "id", "identifier", "integer_value", "next_word_id", "placement", "prev_word_id", "published", "section_id", "word_id") VALUES (156,1,1,0,4621,'description',0,933,240,857,1033917596,1,932);
INSERT INTO "ezsearch_object_word_link" ("contentclass_attribute_id", "contentclass_id", "contentobject_id", "frequency", "id", "identifier", "integer_value", "next_word_id", "placement", "prev_word_id", "published", "section_id", "word_id") VALUES (156,1,1,0,4622,'description',0,802,241,932,1033917596,1,933);
INSERT INTO "ezsearch_object_word_link" ("contentclass_attribute_id", "contentclass_id", "contentobject_id", "frequency", "id", "identifier", "integer_value", "next_word_id", "placement", "prev_word_id", "published", "section_id", "word_id") VALUES (156,1,1,0,4623,'description',0,824,242,933,1033917596,1,802);
INSERT INTO "ezsearch_object_word_link" ("contentclass_attribute_id", "contentclass_id", "contentobject_id", "frequency", "id", "identifier", "integer_value", "next_word_id", "placement", "prev_word_id", "published", "section_id", "word_id") VALUES (156,1,1,0,4624,'description',0,933,243,802,1033917596,1,824);
INSERT INTO "ezsearch_object_word_link" ("contentclass_attribute_id", "contentclass_id", "contentobject_id", "frequency", "id", "identifier", "integer_value", "next_word_id", "placement", "prev_word_id", "published", "section_id", "word_id") VALUES (156,1,1,0,4625,'description',0,934,244,824,1033917596,1,933);
INSERT INTO "ezsearch_object_word_link" ("contentclass_attribute_id", "contentclass_id", "contentobject_id", "frequency", "id", "identifier", "integer_value", "next_word_id", "placement", "prev_word_id", "published", "section_id", "word_id") VALUES (156,1,1,0,4626,'description',0,935,245,933,1033917596,1,934);
INSERT INTO "ezsearch_object_word_link" ("contentclass_attribute_id", "contentclass_id", "contentobject_id", "frequency", "id", "identifier", "integer_value", "next_word_id", "placement", "prev_word_id", "published", "section_id", "word_id") VALUES (156,1,1,0,4627,'description',0,930,246,934,1033917596,1,935);
INSERT INTO "ezsearch_object_word_link" ("contentclass_attribute_id", "contentclass_id", "contentobject_id", "frequency", "id", "identifier", "integer_value", "next_word_id", "placement", "prev_word_id", "published", "section_id", "word_id") VALUES (156,1,1,0,4628,'description',0,936,247,935,1033917596,1,930);
INSERT INTO "ezsearch_object_word_link" ("contentclass_attribute_id", "contentclass_id", "contentobject_id", "frequency", "id", "identifier", "integer_value", "next_word_id", "placement", "prev_word_id", "published", "section_id", "word_id") VALUES (156,1,1,0,4629,'description',0,801,248,930,1033917596,1,936);
INSERT INTO "ezsearch_object_word_link" ("contentclass_attribute_id", "contentclass_id", "contentobject_id", "frequency", "id", "identifier", "integer_value", "next_word_id", "placement", "prev_word_id", "published", "section_id", "word_id") VALUES (156,1,1,0,4630,'description',0,937,249,936,1033917596,1,801);
INSERT INTO "ezsearch_object_word_link" ("contentclass_attribute_id", "contentclass_id", "contentobject_id", "frequency", "id", "identifier", "integer_value", "next_word_id", "placement", "prev_word_id", "published", "section_id", "word_id") VALUES (156,1,1,0,4631,'description',0,802,250,801,1033917596,1,937);
INSERT INTO "ezsearch_object_word_link" ("contentclass_attribute_id", "contentclass_id", "contentobject_id", "frequency", "id", "identifier", "integer_value", "next_word_id", "placement", "prev_word_id", "published", "section_id", "word_id") VALUES (156,1,1,0,4632,'description',0,803,251,937,1033917596,1,802);
INSERT INTO "ezsearch_object_word_link" ("contentclass_attribute_id", "contentclass_id", "contentobject_id", "frequency", "id", "identifier", "integer_value", "next_word_id", "placement", "prev_word_id", "published", "section_id", "word_id") VALUES (156,1,1,0,4633,'description',0,938,252,802,1033917596,1,803);
INSERT INTO "ezsearch_object_word_link" ("contentclass_attribute_id", "contentclass_id", "contentobject_id", "frequency", "id", "identifier", "integer_value", "next_word_id", "placement", "prev_word_id", "published", "section_id", "word_id") VALUES (156,1,1,0,4634,'description',0,936,253,803,1033917596,1,938);
INSERT INTO "ezsearch_object_word_link" ("contentclass_attribute_id", "contentclass_id", "contentobject_id", "frequency", "id", "identifier", "integer_value", "next_word_id", "placement", "prev_word_id", "published", "section_id", "word_id") VALUES (156,1,1,0,4635,'description',0,801,254,938,1033917596,1,936);
INSERT INTO "ezsearch_object_word_link" ("contentclass_attribute_id", "contentclass_id", "contentobject_id", "frequency", "id", "identifier", "integer_value", "next_word_id", "placement", "prev_word_id", "published", "section_id", "word_id") VALUES (156,1,1,0,4636,'description',0,939,255,936,1033917596,1,801);
INSERT INTO "ezsearch_object_word_link" ("contentclass_attribute_id", "contentclass_id", "contentobject_id", "frequency", "id", "identifier", "integer_value", "next_word_id", "placement", "prev_word_id", "published", "section_id", "word_id") VALUES (156,1,1,0,4637,'description',0,940,256,801,1033917596,1,939);
INSERT INTO "ezsearch_object_word_link" ("contentclass_attribute_id", "contentclass_id", "contentobject_id", "frequency", "id", "identifier", "integer_value", "next_word_id", "placement", "prev_word_id", "published", "section_id", "word_id") VALUES (156,1,1,0,4638,'description',0,941,257,939,1033917596,1,940);
INSERT INTO "ezsearch_object_word_link" ("contentclass_attribute_id", "contentclass_id", "contentobject_id", "frequency", "id", "identifier", "integer_value", "next_word_id", "placement", "prev_word_id", "published", "section_id", "word_id") VALUES (156,1,1,0,4639,'description',0,936,258,940,1033917596,1,941);
INSERT INTO "ezsearch_object_word_link" ("contentclass_attribute_id", "contentclass_id", "contentobject_id", "frequency", "id", "identifier", "integer_value", "next_word_id", "placement", "prev_word_id", "published", "section_id", "word_id") VALUES (156,1,1,0,4640,'description',0,801,259,941,1033917596,1,936);
INSERT INTO "ezsearch_object_word_link" ("contentclass_attribute_id", "contentclass_id", "contentobject_id", "frequency", "id", "identifier", "integer_value", "next_word_id", "placement", "prev_word_id", "published", "section_id", "word_id") VALUES (156,1,1,0,4641,'description',0,881,260,936,1033917596,1,801);
INSERT INTO "ezsearch_object_word_link" ("contentclass_attribute_id", "contentclass_id", "contentobject_id", "frequency", "id", "identifier", "integer_value", "next_word_id", "placement", "prev_word_id", "published", "section_id", "word_id") VALUES (156,1,1,0,4642,'description',0,942,261,801,1033917596,1,881);
INSERT INTO "ezsearch_object_word_link" ("contentclass_attribute_id", "contentclass_id", "contentobject_id", "frequency", "id", "identifier", "integer_value", "next_word_id", "placement", "prev_word_id", "published", "section_id", "word_id") VALUES (156,1,1,0,4643,'description',0,943,262,881,1033917596,1,942);
INSERT INTO "ezsearch_object_word_link" ("contentclass_attribute_id", "contentclass_id", "contentobject_id", "frequency", "id", "identifier", "integer_value", "next_word_id", "placement", "prev_word_id", "published", "section_id", "word_id") VALUES (156,1,1,0,4644,'description',0,822,263,942,1033917596,1,943);
INSERT INTO "ezsearch_object_word_link" ("contentclass_attribute_id", "contentclass_id", "contentobject_id", "frequency", "id", "identifier", "integer_value", "next_word_id", "placement", "prev_word_id", "published", "section_id", "word_id") VALUES (156,1,1,0,4645,'description',0,944,264,943,1033917596,1,822);
INSERT INTO "ezsearch_object_word_link" ("contentclass_attribute_id", "contentclass_id", "contentobject_id", "frequency", "id", "identifier", "integer_value", "next_word_id", "placement", "prev_word_id", "published", "section_id", "word_id") VALUES (156,1,1,0,4646,'description',0,945,265,822,1033917596,1,944);
INSERT INTO "ezsearch_object_word_link" ("contentclass_attribute_id", "contentclass_id", "contentobject_id", "frequency", "id", "identifier", "integer_value", "next_word_id", "placement", "prev_word_id", "published", "section_id", "word_id") VALUES (156,1,1,0,4647,'description',0,946,266,944,1033917596,1,945);
INSERT INTO "ezsearch_object_word_link" ("contentclass_attribute_id", "contentclass_id", "contentobject_id", "frequency", "id", "identifier", "integer_value", "next_word_id", "placement", "prev_word_id", "published", "section_id", "word_id") VALUES (156,1,1,0,4648,'description',0,801,267,945,1033917596,1,946);
INSERT INTO "ezsearch_object_word_link" ("contentclass_attribute_id", "contentclass_id", "contentobject_id", "frequency", "id", "identifier", "integer_value", "next_word_id", "placement", "prev_word_id", "published", "section_id", "word_id") VALUES (156,1,1,0,4649,'description',0,947,268,946,1033917596,1,801);
INSERT INTO "ezsearch_object_word_link" ("contentclass_attribute_id", "contentclass_id", "contentobject_id", "frequency", "id", "identifier", "integer_value", "next_word_id", "placement", "prev_word_id", "published", "section_id", "word_id") VALUES (156,1,1,0,4650,'description',0,897,269,801,1033917596,1,947);
INSERT INTO "ezsearch_object_word_link" ("contentclass_attribute_id", "contentclass_id", "contentobject_id", "frequency", "id", "identifier", "integer_value", "next_word_id", "placement", "prev_word_id", "published", "section_id", "word_id") VALUES (156,1,1,0,4651,'description',0,921,270,947,1033917596,1,897);
INSERT INTO "ezsearch_object_word_link" ("contentclass_attribute_id", "contentclass_id", "contentobject_id", "frequency", "id", "identifier", "integer_value", "next_word_id", "placement", "prev_word_id", "published", "section_id", "word_id") VALUES (156,1,1,0,4652,'description',0,948,271,897,1033917596,1,921);
INSERT INTO "ezsearch_object_word_link" ("contentclass_attribute_id", "contentclass_id", "contentobject_id", "frequency", "id", "identifier", "integer_value", "next_word_id", "placement", "prev_word_id", "published", "section_id", "word_id") VALUES (156,1,1,0,4653,'description',0,949,272,921,1033917596,1,948);
INSERT INTO "ezsearch_object_word_link" ("contentclass_attribute_id", "contentclass_id", "contentobject_id", "frequency", "id", "identifier", "integer_value", "next_word_id", "placement", "prev_word_id", "published", "section_id", "word_id") VALUES (156,1,1,0,4654,'description',0,928,273,948,1033917596,1,949);
INSERT INTO "ezsearch_object_word_link" ("contentclass_attribute_id", "contentclass_id", "contentobject_id", "frequency", "id", "identifier", "integer_value", "next_word_id", "placement", "prev_word_id", "published", "section_id", "word_id") VALUES (156,1,1,0,4655,'description',0,948,274,949,1033917596,1,928);
INSERT INTO "ezsearch_object_word_link" ("contentclass_attribute_id", "contentclass_id", "contentobject_id", "frequency", "id", "identifier", "integer_value", "next_word_id", "placement", "prev_word_id", "published", "section_id", "word_id") VALUES (156,1,1,0,4656,'description',0,949,275,928,1033917596,1,948);
INSERT INTO "ezsearch_object_word_link" ("contentclass_attribute_id", "contentclass_id", "contentobject_id", "frequency", "id", "identifier", "integer_value", "next_word_id", "placement", "prev_word_id", "published", "section_id", "word_id") VALUES (156,1,1,0,4657,'description',0,833,276,948,1033917596,1,949);
INSERT INTO "ezsearch_object_word_link" ("contentclass_attribute_id", "contentclass_id", "contentobject_id", "frequency", "id", "identifier", "integer_value", "next_word_id", "placement", "prev_word_id", "published", "section_id", "word_id") VALUES (156,1,1,0,4658,'description',0,948,277,949,1033917596,1,833);
INSERT INTO "ezsearch_object_word_link" ("contentclass_attribute_id", "contentclass_id", "contentobject_id", "frequency", "id", "identifier", "integer_value", "next_word_id", "placement", "prev_word_id", "published", "section_id", "word_id") VALUES (156,1,1,0,4659,'description',0,949,278,833,1033917596,1,948);
INSERT INTO "ezsearch_object_word_link" ("contentclass_attribute_id", "contentclass_id", "contentobject_id", "frequency", "id", "identifier", "integer_value", "next_word_id", "placement", "prev_word_id", "published", "section_id", "word_id") VALUES (156,1,1,0,4660,'description',0,950,279,948,1033917596,1,949);
INSERT INTO "ezsearch_object_word_link" ("contentclass_attribute_id", "contentclass_id", "contentobject_id", "frequency", "id", "identifier", "integer_value", "next_word_id", "placement", "prev_word_id", "published", "section_id", "word_id") VALUES (156,1,1,0,4661,'description',0,857,280,949,1033917596,1,950);
INSERT INTO "ezsearch_object_word_link" ("contentclass_attribute_id", "contentclass_id", "contentobject_id", "frequency", "id", "identifier", "integer_value", "next_word_id", "placement", "prev_word_id", "published", "section_id", "word_id") VALUES (156,1,1,0,4662,'description',0,0,281,950,1033917596,1,857);
INSERT INTO "ezsearch_object_word_link" ("contentclass_attribute_id", "contentclass_id", "contentobject_id", "frequency", "id", "identifier", "integer_value", "next_word_id", "placement", "prev_word_id", "published", "section_id", "word_id") VALUES (6,3,4,0,4663,'name',0,951,0,0,1033917596,2,930);
INSERT INTO "ezsearch_object_word_link" ("contentclass_attribute_id", "contentclass_id", "contentobject_id", "frequency", "id", "identifier", "integer_value", "next_word_id", "placement", "prev_word_id", "published", "section_id", "word_id") VALUES (7,3,4,0,4664,'description',0,952,1,930,1033917596,2,951);
INSERT INTO "ezsearch_object_word_link" ("contentclass_attribute_id", "contentclass_id", "contentobject_id", "frequency", "id", "identifier", "integer_value", "next_word_id", "placement", "prev_word_id", "published", "section_id", "word_id") VALUES (7,3,4,0,4665,'description',0,0,2,951,1033917596,2,952);
INSERT INTO "ezsearch_object_word_link" ("contentclass_attribute_id", "contentclass_id", "contentobject_id", "frequency", "id", "identifier", "integer_value", "next_word_id", "placement", "prev_word_id", "published", "section_id", "word_id") VALUES (8,4,10,0,4666,'first_name',0,954,0,0,1033920665,2,953);
INSERT INTO "ezsearch_object_word_link" ("contentclass_attribute_id", "contentclass_id", "contentobject_id", "frequency", "id", "identifier", "integer_value", "next_word_id", "placement", "prev_word_id", "published", "section_id", "word_id") VALUES (9,4,10,0,4667,'last_name',0,953,1,953,1033920665,2,954);
INSERT INTO "ezsearch_object_word_link" ("contentclass_attribute_id", "contentclass_id", "contentobject_id", "frequency", "id", "identifier", "integer_value", "next_word_id", "placement", "prev_word_id", "published", "section_id", "word_id") VALUES (12,4,10,0,4668,'user_account',0,955,2,954,1033920665,2,953);
INSERT INTO "ezsearch_object_word_link" ("contentclass_attribute_id", "contentclass_id", "contentobject_id", "frequency", "id", "identifier", "integer_value", "next_word_id", "placement", "prev_word_id", "published", "section_id", "word_id") VALUES (12,4,10,0,4669,'user_account',0,927,3,953,1033920665,2,955);
INSERT INTO "ezsearch_object_word_link" ("contentclass_attribute_id", "contentclass_id", "contentobject_id", "frequency", "id", "identifier", "integer_value", "next_word_id", "placement", "prev_word_id", "published", "section_id", "word_id") VALUES (12,4,10,0,4670,'user_account',0,0,4,955,1033920665,2,927);
INSERT INTO "ezsearch_object_word_link" ("contentclass_attribute_id", "contentclass_id", "contentobject_id", "frequency", "id", "identifier", "integer_value", "next_word_id", "placement", "prev_word_id", "published", "section_id", "word_id") VALUES (6,3,11,0,4671,'name',0,957,0,0,1033920746,2,956);
INSERT INTO "ezsearch_object_word_link" ("contentclass_attribute_id", "contentclass_id", "contentobject_id", "frequency", "id", "identifier", "integer_value", "next_word_id", "placement", "prev_word_id", "published", "section_id", "word_id") VALUES (6,3,11,0,4672,'name',0,0,1,956,1033920746,2,957);
INSERT INTO "ezsearch_object_word_link" ("contentclass_attribute_id", "contentclass_id", "contentobject_id", "frequency", "id", "identifier", "integer_value", "next_word_id", "placement", "prev_word_id", "published", "section_id", "word_id") VALUES (6,3,12,0,4673,'name',0,930,0,0,1033920775,2,958);
INSERT INTO "ezsearch_object_word_link" ("contentclass_attribute_id", "contentclass_id", "contentobject_id", "frequency", "id", "identifier", "integer_value", "next_word_id", "placement", "prev_word_id", "published", "section_id", "word_id") VALUES (6,3,12,0,4674,'name',0,0,1,958,1033920775,2,930);
INSERT INTO "ezsearch_object_word_link" ("contentclass_attribute_id", "contentclass_id", "contentobject_id", "frequency", "id", "identifier", "integer_value", "next_word_id", "placement", "prev_word_id", "published", "section_id", "word_id") VALUES (6,3,13,0,4675,'name',0,0,0,0,1033920794,2,959);
INSERT INTO "ezsearch_object_word_link" ("contentclass_attribute_id", "contentclass_id", "contentobject_id", "frequency", "id", "identifier", "integer_value", "next_word_id", "placement", "prev_word_id", "published", "section_id", "word_id") VALUES (8,4,14,0,4676,'first_name',0,954,0,0,1033920830,2,958);
INSERT INTO "ezsearch_object_word_link" ("contentclass_attribute_id", "contentclass_id", "contentobject_id", "frequency", "id", "identifier", "integer_value", "next_word_id", "placement", "prev_word_id", "published", "section_id", "word_id") VALUES (9,4,14,0,4677,'last_name',0,960,1,958,1033920830,2,954);
INSERT INTO "ezsearch_object_word_link" ("contentclass_attribute_id", "contentclass_id", "contentobject_id", "frequency", "id", "identifier", "integer_value", "next_word_id", "placement", "prev_word_id", "published", "section_id", "word_id") VALUES (12,4,14,0,4678,'user_account',0,955,2,954,1033920830,2,960);
INSERT INTO "ezsearch_object_word_link" ("contentclass_attribute_id", "contentclass_id", "contentobject_id", "frequency", "id", "identifier", "integer_value", "next_word_id", "placement", "prev_word_id", "published", "section_id", "word_id") VALUES (12,4,14,0,4679,'user_account',0,927,3,960,1033920830,2,955);
INSERT INTO "ezsearch_object_word_link" ("contentclass_attribute_id", "contentclass_id", "contentobject_id", "frequency", "id", "identifier", "integer_value", "next_word_id", "placement", "prev_word_id", "published", "section_id", "word_id") VALUES (12,4,14,0,4680,'user_account',0,0,4,955,1033920830,2,927);
INSERT INTO "ezsearch_object_word_link" ("contentclass_attribute_id", "contentclass_id", "contentobject_id", "frequency", "id", "identifier", "integer_value", "next_word_id", "placement", "prev_word_id", "published", "section_id", "word_id") VALUES (4,1,41,0,4681,'name',0,0,0,0,1060695457,3,961);
INSERT INTO "ezsearch_object_word_link" ("contentclass_attribute_id", "contentclass_id", "contentobject_id", "frequency", "id", "identifier", "integer_value", "next_word_id", "placement", "prev_word_id", "published", "section_id", "word_id") VALUES (6,3,42,0,4682,'name',0,930,0,0,1072180330,2,953);
INSERT INTO "ezsearch_object_word_link" ("contentclass_attribute_id", "contentclass_id", "contentobject_id", "frequency", "id", "identifier", "integer_value", "next_word_id", "placement", "prev_word_id", "published", "section_id", "word_id") VALUES (6,3,42,0,4683,'name',0,954,1,953,1072180330,2,930);
INSERT INTO "ezsearch_object_word_link" ("contentclass_attribute_id", "contentclass_id", "contentobject_id", "frequency", "id", "identifier", "integer_value", "next_word_id", "placement", "prev_word_id", "published", "section_id", "word_id") VALUES (7,3,42,0,4684,'description',0,952,2,930,1072180330,2,954);
INSERT INTO "ezsearch_object_word_link" ("contentclass_attribute_id", "contentclass_id", "contentobject_id", "frequency", "id", "identifier", "integer_value", "next_word_id", "placement", "prev_word_id", "published", "section_id", "word_id") VALUES (7,3,42,0,4685,'description',0,816,3,954,1072180330,2,952);
INSERT INTO "ezsearch_object_word_link" ("contentclass_attribute_id", "contentclass_id", "contentobject_id", "frequency", "id", "identifier", "integer_value", "next_word_id", "placement", "prev_word_id", "published", "section_id", "word_id") VALUES (7,3,42,0,4686,'description',0,814,4,952,1072180330,2,816);
INSERT INTO "ezsearch_object_word_link" ("contentclass_attribute_id", "contentclass_id", "contentobject_id", "frequency", "id", "identifier", "integer_value", "next_word_id", "placement", "prev_word_id", "published", "section_id", "word_id") VALUES (7,3,42,0,4687,'description',0,953,5,816,1072180330,2,814);
INSERT INTO "ezsearch_object_word_link" ("contentclass_attribute_id", "contentclass_id", "contentobject_id", "frequency", "id", "identifier", "integer_value", "next_word_id", "placement", "prev_word_id", "published", "section_id", "word_id") VALUES (7,3,42,0,4688,'description',0,954,6,814,1072180330,2,953);
INSERT INTO "ezsearch_object_word_link" ("contentclass_attribute_id", "contentclass_id", "contentobject_id", "frequency", "id", "identifier", "integer_value", "next_word_id", "placement", "prev_word_id", "published", "section_id", "word_id") VALUES (7,3,42,0,4689,'description',0,0,7,953,1072180330,2,954);
INSERT INTO "ezsearch_object_word_link" ("contentclass_attribute_id", "contentclass_id", "contentobject_id", "frequency", "id", "identifier", "integer_value", "next_word_id", "placement", "prev_word_id", "published", "section_id", "word_id") VALUES (4,1,49,0,4691,'name',0,0,0,0,1080220197,3,962);
INSERT INTO "ezsearch_object_word_link" ("contentclass_attribute_id", "contentclass_id", "contentobject_id", "frequency", "id", "identifier", "integer_value", "next_word_id", "placement", "prev_word_id", "published", "section_id", "word_id") VALUES (4,1,50,0,4692,'name',0,0,0,0,1080220220,3,963);
INSERT INTO "ezsearch_object_word_link" ("contentclass_attribute_id", "contentclass_id", "contentobject_id", "frequency", "id", "identifier", "integer_value", "next_word_id", "placement", "prev_word_id", "published", "section_id", "word_id") VALUES (4,1,51,0,4693,'name',0,0,0,0,1080220233,3,964);

INSERT INTO "ezsearch_word" ("id", "object_count", "word") VALUES (800,1,'welcome');
INSERT INTO "ezsearch_word" ("id", "object_count", "word") VALUES (801,1,'to');
INSERT INTO "ezsearch_word" ("id", "object_count", "word") VALUES (802,1,'ez');
INSERT INTO "ezsearch_word" ("id", "object_count", "word") VALUES (803,1,'publish');
INSERT INTO "ezsearch_word" ("id", "object_count", "word") VALUES (804,1,'this');
INSERT INTO "ezsearch_word" ("id", "object_count", "word") VALUES (805,1,'is');
INSERT INTO "ezsearch_word" ("id", "object_count", "word") VALUES (806,1,'plain');
INSERT INTO "ezsearch_word" ("id", "object_count", "word") VALUES (807,1,'site');
INSERT INTO "ezsearch_word" ("id", "object_count", "word") VALUES (808,1,'package');
INSERT INTO "ezsearch_word" ("id", "object_count", "word") VALUES (809,1,'with');
INSERT INTO "ezsearch_word" ("id", "object_count", "word") VALUES (810,1,'a');
INSERT INTO "ezsearch_word" ("id", "object_count", "word") VALUES (811,1,'limited');
INSERT INTO "ezsearch_word" ("id", "object_count", "word") VALUES (812,2,'setup');
INSERT INTO "ezsearch_word" ("id", "object_count", "word") VALUES (813,1,'of');
INSERT INTO "ezsearch_word" ("id", "object_count", "word") VALUES (814,2,'the');
INSERT INTO "ezsearch_word" ("id", "object_count", "word") VALUES (815,1,'functionality');
INSERT INTO "ezsearch_word" ("id", "object_count", "word") VALUES (816,2,'for');
INSERT INTO "ezsearch_word" ("id", "object_count", "word") VALUES (817,1,'full');
INSERT INTO "ezsearch_word" ("id", "object_count", "word") VALUES (818,1,'blown');
INSERT INTO "ezsearch_word" ("id", "object_count", "word") VALUES (819,1,'please');
INSERT INTO "ezsearch_word" ("id", "object_count", "word") VALUES (820,1,'chose');
INSERT INTO "ezsearch_word" ("id", "object_count", "word") VALUES (821,1,'website');
INSERT INTO "ezsearch_word" ("id", "object_count", "word") VALUES (822,1,'interface');
INSERT INTO "ezsearch_word" ("id", "object_count", "word") VALUES (823,1,'or');
INSERT INTO "ezsearch_word" ("id", "object_count", "word") VALUES (824,1,'flow');
INSERT INTO "ezsearch_word" ("id", "object_count", "word") VALUES (825,1,'at');
INSERT INTO "ezsearch_word" ("id", "object_count", "word") VALUES (826,1,'installation');
INSERT INTO "ezsearch_word" ("id", "object_count", "word") VALUES (827,1,'popular');
INSERT INTO "ezsearch_word" ("id", "object_count", "word") VALUES (828,1,'open');
INSERT INTO "ezsearch_word" ("id", "object_count", "word") VALUES (829,1,'source');
INSERT INTO "ezsearch_word" ("id", "object_count", "word") VALUES (830,1,'content');
INSERT INTO "ezsearch_word" ("id", "object_count", "word") VALUES (831,1,'management');
INSERT INTO "ezsearch_word" ("id", "object_count", "word") VALUES (832,1,'system');
INSERT INTO "ezsearch_word" ("id", "object_count", "word") VALUES (833,1,'and');
INSERT INTO "ezsearch_word" ("id", "object_count", "word") VALUES (834,1,'development');
INSERT INTO "ezsearch_word" ("id", "object_count", "word") VALUES (835,1,'framework');
INSERT INTO "ezsearch_word" ("id", "object_count", "word") VALUES (836,1,'it');
INSERT INTO "ezsearch_word" ("id", "object_count", "word") VALUES (837,1,'allows');
INSERT INTO "ezsearch_word" ("id", "object_count", "word") VALUES (838,1,'professional');
INSERT INTO "ezsearch_word" ("id", "object_count", "word") VALUES (839,1,'customized');
INSERT INTO "ezsearch_word" ("id", "object_count", "word") VALUES (840,1,'dynamic');
INSERT INTO "ezsearch_word" ("id", "object_count", "word") VALUES (841,1,'web');
INSERT INTO "ezsearch_word" ("id", "object_count", "word") VALUES (842,1,'solutions');
INSERT INTO "ezsearch_word" ("id", "object_count", "word") VALUES (843,1,'can');
INSERT INTO "ezsearch_word" ("id", "object_count", "word") VALUES (844,1,'be');
INSERT INTO "ezsearch_word" ("id", "object_count", "word") VALUES (845,1,'used');
INSERT INTO "ezsearch_word" ("id", "object_count", "word") VALUES (846,1,'build');
INSERT INTO "ezsearch_word" ("id", "object_count", "word") VALUES (847,1,'anything');
INSERT INTO "ezsearch_word" ("id", "object_count", "word") VALUES (848,1,'from');
INSERT INTO "ezsearch_word" ("id", "object_count", "word") VALUES (849,1,'personal');
INSERT INTO "ezsearch_word" ("id", "object_count", "word") VALUES (850,1,'homepage');
INSERT INTO "ezsearch_word" ("id", "object_count", "word") VALUES (851,1,'multinational');
INSERT INTO "ezsearch_word" ("id", "object_count", "word") VALUES (852,1,'corporate');
INSERT INTO "ezsearch_word" ("id", "object_count", "word") VALUES (853,1,'role');
INSERT INTO "ezsearch_word" ("id", "object_count", "word") VALUES (854,1,'based');
INSERT INTO "ezsearch_word" ("id", "object_count", "word") VALUES (855,1,'multiuser');
INSERT INTO "ezsearch_word" ("id", "object_count", "word") VALUES (856,1,'access');
INSERT INTO "ezsearch_word" ("id", "object_count", "word") VALUES (857,1,'online');
INSERT INTO "ezsearch_word" ("id", "object_count", "word") VALUES (858,1,'shopping');
INSERT INTO "ezsearch_word" ("id", "object_count", "word") VALUES (859,1,'discussion');
INSERT INTO "ezsearch_word" ("id", "object_count", "word") VALUES (860,1,'forums');
INSERT INTO "ezsearch_word" ("id", "object_count", "word") VALUES (861,1,'other');
INSERT INTO "ezsearch_word" ("id", "object_count", "word") VALUES (862,1,'advanced');
INSERT INTO "ezsearch_word" ("id", "object_count", "word") VALUES (863,1,'in');
INSERT INTO "ezsearch_word" ("id", "object_count", "word") VALUES (864,1,'addition');
INSERT INTO "ezsearch_word" ("id", "object_count", "word") VALUES (865,1,'because');
INSERT INTO "ezsearch_word" ("id", "object_count", "word") VALUES (866,1,'its');
INSERT INTO "ezsearch_word" ("id", "object_count", "word") VALUES (867,1,'nature');
INSERT INTO "ezsearch_word" ("id", "object_count", "word") VALUES (868,1,'easily');
INSERT INTO "ezsearch_word" ("id", "object_count", "word") VALUES (869,1,'plugged');
INSERT INTO "ezsearch_word" ("id", "object_count", "word") VALUES (870,1,'into');
INSERT INTO "ezsearch_word" ("id", "object_count", "word") VALUES (871,1,'communicate');
INSERT INTO "ezsearch_word" ("id", "object_count", "word") VALUES (872,1,'coexist');
INSERT INTO "ezsearch_word" ("id", "object_count", "word") VALUES (873,1,'existing');
INSERT INTO "ezsearch_word" ("id", "object_count", "word") VALUES (874,1,'documentation');
INSERT INTO "ezsearch_word" ("id", "object_count", "word") VALUES (875,1,'guidance');
INSERT INTO "ezsearch_word" ("id", "object_count", "word") VALUES (876,1,'covers');
INSERT INTO "ezsearch_word" ("id", "object_count", "word") VALUES (877,2,'common');
INSERT INTO "ezsearch_word" ("id", "object_count", "word") VALUES (878,1,'topics');
INSERT INTO "ezsearch_word" ("id", "object_count", "word") VALUES (879,1,'related');
INSERT INTO "ezsearch_word" ("id", "object_count", "word") VALUES (880,1,'daily');
INSERT INTO "ezsearch_word" ("id", "object_count", "word") VALUES (881,1,'use');
INSERT INTO "ezsearch_word" ("id", "object_count", "word") VALUES (882,1,'also');
INSERT INTO "ezsearch_word" ("id", "object_count", "word") VALUES (883,1,'some');
INSERT INTO "ezsearch_word" ("id", "object_count", "word") VALUES (884,1,'people');
INSERT INTO "ezsearch_word" ("id", "object_count", "word") VALUES (885,1,'who');
INSERT INTO "ezsearch_word" ("id", "object_count", "word") VALUES (886,1,'are');
INSERT INTO "ezsearch_word" ("id", "object_count", "word") VALUES (887,1,'unfamiliar');
INSERT INTO "ezsearch_word" ("id", "object_count", "word") VALUES (888,1,'should');
INSERT INTO "ezsearch_word" ("id", "object_count", "word") VALUES (889,1,'least');
INSERT INTO "ezsearch_word" ("id", "object_count", "word") VALUES (890,1,'read');
INSERT INTO "ezsearch_word" ("id", "object_count", "word") VALUES (891,1,'basics');
INSERT INTO "ezsearch_word" ("id", "object_count", "word") VALUES (892,1,'chapter');
INSERT INTO "ezsearch_word" ("id", "object_count", "word") VALUES (893,1,'if');
INSERT INTO "ezsearch_word" ("id", "object_count", "word") VALUES (894,1,'you');
INSERT INTO "ezsearch_word" ("id", "object_count", "word") VALUES (895,1,'re');
INSERT INTO "ezsearch_word" ("id", "object_count", "word") VALUES (896,1,'unable');
INSERT INTO "ezsearch_word" ("id", "object_count", "word") VALUES (897,1,'find');
INSERT INTO "ezsearch_word" ("id", "object_count", "word") VALUES (898,1,'an');
INSERT INTO "ezsearch_word" ("id", "object_count", "word") VALUES (899,1,'answer');
INSERT INTO "ezsearch_word" ("id", "object_count", "word") VALUES (900,1,'solution');
INSERT INTO "ezsearch_word" ("id", "object_count", "word") VALUES (901,1,'specific');
INSERT INTO "ezsearch_word" ("id", "object_count", "word") VALUES (902,1,'question');
INSERT INTO "ezsearch_word" ("id", "object_count", "word") VALUES (903,1,'problem');
INSERT INTO "ezsearch_word" ("id", "object_count", "word") VALUES (904,1,'within');
INSERT INTO "ezsearch_word" ("id", "object_count", "word") VALUES (905,1,'pages');
INSERT INTO "ezsearch_word" ("id", "object_count", "word") VALUES (906,1,'make');
INSERT INTO "ezsearch_word" ("id", "object_count", "word") VALUES (907,1,'official');
INSERT INTO "ezsearch_word" ("id", "object_count", "word") VALUES (908,1,'forum');
INSERT INTO "ezsearch_word" ("id", "object_count", "word") VALUES (909,1,'need');
INSERT INTO "ezsearch_word" ("id", "object_count", "word") VALUES (910,1,'help');
INSERT INTO "ezsearch_word" ("id", "object_count", "word") VALUES (911,1,'purchase');
INSERT INTO "ezsearch_word" ("id", "object_count", "word") VALUES (912,1,'support');
INSERT INTO "ezsearch_word" ("id", "object_count", "word") VALUES (913,1,'consulting');
INSERT INTO "ezsearch_word" ("id", "object_count", "word") VALUES (914,1,'services');
INSERT INTO "ezsearch_word" ("id", "object_count", "word") VALUES (915,1,'possible');
INSERT INTO "ezsearch_word" ("id", "object_count", "word") VALUES (916,1,'sign');
INSERT INTO "ezsearch_word" ("id", "object_count", "word") VALUES (917,1,'up');
INSERT INTO "ezsearch_word" ("id", "object_count", "word") VALUES (918,1,'various');
INSERT INTO "ezsearch_word" ("id", "object_count", "word") VALUES (919,1,'training');
INSERT INTO "ezsearch_word" ("id", "object_count", "word") VALUES (920,1,'sessions');
INSERT INTO "ezsearch_word" ("id", "object_count", "word") VALUES (921,1,'more');
INSERT INTO "ezsearch_word" ("id", "object_count", "word") VALUES (922,1,'information');
INSERT INTO "ezsearch_word" ("id", "object_count", "word") VALUES (923,1,'about');
INSERT INTO "ezsearch_word" ("id", "object_count", "word") VALUES (924,1,'products');
INSERT INTO "ezsearch_word" ("id", "object_count", "word") VALUES (925,1,'systems');
INSERT INTO "ezsearch_word" ("id", "object_count", "word") VALUES (926,1,'visit');
INSERT INTO "ezsearch_word" ("id", "object_count", "word") VALUES (927,3,'ez.no');
INSERT INTO "ezsearch_word" ("id", "object_count", "word") VALUES (928,1,'tutorials');
INSERT INTO "ezsearch_word" ("id", "object_count", "word") VALUES (929,1,'new');
INSERT INTO "ezsearch_word" ("id", "object_count", "word") VALUES (930,4,'users');
INSERT INTO "ezsearch_word" ("id", "object_count", "word") VALUES (931,1,'administration');
INSERT INTO "ezsearch_word" ("id", "object_count", "word") VALUES (932,1,'editor');
INSERT INTO "ezsearch_word" ("id", "object_count", "word") VALUES (933,1,'video');
INSERT INTO "ezsearch_word" ("id", "object_count", "word") VALUES (934,1,'tutorial');
INSERT INTO "ezsearch_word" ("id", "object_count", "word") VALUES (935,1,'experienced');
INSERT INTO "ezsearch_word" ("id", "object_count", "word") VALUES (936,1,'how');
INSERT INTO "ezsearch_word" ("id", "object_count", "word") VALUES (937,1,'develop');
INSERT INTO "ezsearch_word" ("id", "object_count", "word") VALUES (938,1,'extensions');
INSERT INTO "ezsearch_word" ("id", "object_count", "word") VALUES (939,1,'create');
INSERT INTO "ezsearch_word" ("id", "object_count", "word") VALUES (940,1,'custom');
INSERT INTO "ezsearch_word" ("id", "object_count", "word") VALUES (941,1,'workflow');
INSERT INTO "ezsearch_word" ("id", "object_count", "word") VALUES (942,1,'rest');
INSERT INTO "ezsearch_word" ("id", "object_count", "word") VALUES (943,1,'api');
INSERT INTO "ezsearch_word" ("id", "object_count", "word") VALUES (944,1,'asynchronous');
INSERT INTO "ezsearch_word" ("id", "object_count", "word") VALUES (945,1,'publishing');
INSERT INTO "ezsearch_word" ("id", "object_count", "word") VALUES (946,1,'upgrading');
INSERT INTO "ezsearch_word" ("id", "object_count", "word") VALUES (947,1,'4.5');
INSERT INTO "ezsearch_word" ("id", "object_count", "word") VALUES (948,1,'amp');
INSERT INTO "ezsearch_word" ("id", "object_count", "word") VALUES (949,1,'nbsp');
INSERT INTO "ezsearch_word" ("id", "object_count", "word") VALUES (950,1,'videos');
INSERT INTO "ezsearch_word" ("id", "object_count", "word") VALUES (951,1,'main');
INSERT INTO "ezsearch_word" ("id", "object_count", "word") VALUES (952,2,'group');
INSERT INTO "ezsearch_word" ("id", "object_count", "word") VALUES (953,2,'anonymous');
INSERT INTO "ezsearch_word" ("id", "object_count", "word") VALUES (954,3,'user');
INSERT INTO "ezsearch_word" ("id", "object_count", "word") VALUES (955,2,'nospam');
INSERT INTO "ezsearch_word" ("id", "object_count", "word") VALUES (956,1,'guest');
INSERT INTO "ezsearch_word" ("id", "object_count", "word") VALUES (957,1,'accounts');
INSERT INTO "ezsearch_word" ("id", "object_count", "word") VALUES (958,2,'administrator');
INSERT INTO "ezsearch_word" ("id", "object_count", "word") VALUES (959,1,'editors');
INSERT INTO "ezsearch_word" ("id", "object_count", "word") VALUES (960,1,'admin');
INSERT INTO "ezsearch_word" ("id", "object_count", "word") VALUES (961,1,'media');
INSERT INTO "ezsearch_word" ("id", "object_count", "word") VALUES (962,1,'images');
INSERT INTO "ezsearch_word" ("id", "object_count", "word") VALUES (963,1,'files');
INSERT INTO "ezsearch_word" ("id", "object_count", "word") VALUES (964,1,'multimedia');
INSERT INTO "ezsearch_word" ("id", "object_count", "word") VALUES (965,1,'ini');
INSERT INTO "ezsearch_word" ("id", "object_count", "word") VALUES (966,1,'settings');
INSERT INTO "ezsearch_word" ("id", "object_count", "word") VALUES (967,1,'sitestyle_identifier');
INSERT INTO "ezsearch_word" ("id", "object_count", "word") VALUES (968,1,'design');

INSERT INTO "ezsection" ("id", "identifier", "locale", "name", "navigation_part_identifier") VALUES (1,'standard','','Standard','ezcontentnavigationpart');
INSERT INTO "ezsection" ("id", "identifier", "locale", "name", "navigation_part_identifier") VALUES (2,'users','','Users','ezusernavigationpart');
INSERT INTO "ezsection" ("id", "identifier", "locale", "name", "navigation_part_identifier") VALUES (3,'media','','Media','ezmedianavigationpart');

INSERT INTO "ezsite_data" ("name", "value") VALUES ('ezpublish-release','1');
INSERT INTO "ezsite_data" ("name", "value") VALUES ('ezpublish-version','6.4.0');

INSERT INTO "ezurl" ("created", "id", "is_valid", "last_checked", "modified", "original_url_md5", "url") VALUES (1448832197,23,1,0,1448832197,'f76e41d421b2a72232264943026a6ee5','https://doc.ez.no/display/USER/');
INSERT INTO "ezurl" ("created", "id", "is_valid", "last_checked", "modified", "original_url_md5", "url") VALUES (1448832277,24,1,0,1505717756,'a00ab36edb35bb641cc027eb27410934','https://doc.ezplatform.com/en/latest/');
INSERT INTO "ezurl" ("created", "id", "is_valid", "last_checked", "modified", "original_url_md5", "url") VALUES (1448832412,25,1,0,1505717756,'03c4188f5fdcb679192e25a7dad09c2d','https://doc.ezplatform.com/en/latest/tutorials/platform_beginner/building_a_bicycle_route_tracker_in_ez_platform/');
INSERT INTO "ezurl" ("created", "id", "is_valid", "last_checked", "modified", "original_url_md5", "url") VALUES (1448832436,26,1,0,1505717756,'5af7e9599b5583ccd0103a400ddacfdd','https://doc.ez.no/display/MAIN/Transitioning+from+eZ+Publish+to+eZ+Platform%3A+Feature+Comparison');
INSERT INTO "ezurl" ("created", "id", "is_valid", "last_checked", "modified", "original_url_md5", "url") VALUES (1448832661,27,1,0,1448832661,'f9bf96304c434139d0ff5773b6eee157','https://github.com/ezsystems');
INSERT INTO "ezurl" ("created", "id", "is_valid", "last_checked", "modified", "original_url_md5", "url") VALUES (1448832661,28,1,0,1510739262,'265d537bfba0e5ed4e85fbcd7f30ea84','https://discuss.ezplatform.com');
INSERT INTO "ezurl" ("created", "id", "is_valid", "last_checked", "modified", "original_url_md5", "url") VALUES (1448832661,29,1,0,1448832661,'7441963094866aa9d1cbb8a59cca541c','http://ez-community-on-slack.herokuapp.com/');

INSERT INTO "ezurl_object_link" ("contentobject_attribute_id", "contentobject_attribute_version", "url_id") VALUES (104,9,23);
INSERT INTO "ezurl_object_link" ("contentobject_attribute_id", "contentobject_attribute_version", "url_id") VALUES (104,9,24);
INSERT INTO "ezurl_object_link" ("contentobject_attribute_id", "contentobject_attribute_version", "url_id") VALUES (104,9,25);
INSERT INTO "ezurl_object_link" ("contentobject_attribute_id", "contentobject_attribute_version", "url_id") VALUES (104,9,26);
INSERT INTO "ezurl_object_link" ("contentobject_attribute_id", "contentobject_attribute_version", "url_id") VALUES (104,9,27);
INSERT INTO "ezurl_object_link" ("contentobject_attribute_id", "contentobject_attribute_version", "url_id") VALUES (104,9,28);
INSERT INTO "ezurl_object_link" ("contentobject_attribute_id", "contentobject_attribute_version", "url_id") VALUES (104,9,29);
INSERT INTO "ezurl_object_link" ("contentobject_attribute_id", "contentobject_attribute_version", "url_id") VALUES (104,9,23);
INSERT INTO "ezurl_object_link" ("contentobject_attribute_id", "contentobject_attribute_version", "url_id") VALUES (104,9,24);
INSERT INTO "ezurl_object_link" ("contentobject_attribute_id", "contentobject_attribute_version", "url_id") VALUES (104,9,25);
INSERT INTO "ezurl_object_link" ("contentobject_attribute_id", "contentobject_attribute_version", "url_id") VALUES (104,9,26);
INSERT INTO "ezurl_object_link" ("contentobject_attribute_id", "contentobject_attribute_version", "url_id") VALUES (104,9,27);
INSERT INTO "ezurl_object_link" ("contentobject_attribute_id", "contentobject_attribute_version", "url_id") VALUES (104,9,28);
INSERT INTO "ezurl_object_link" ("contentobject_attribute_id", "contentobject_attribute_version", "url_id") VALUES (104,9,29);

INSERT INTO "ezurlalias" ("destination_url", "forward_to_id", "id", "is_imported", "is_internal", "is_wildcard", "source_md5", "source_url") VALUES ('content/view/full/2',0,12,1,1,0,'d41d8cd98f00b204e9800998ecf8427e','');
INSERT INTO "ezurlalias" ("destination_url", "forward_to_id", "id", "is_imported", "is_internal", "is_wildcard", "source_md5", "source_url") VALUES ('content/view/full/5',0,13,1,1,0,'9bc65c2abec141778ffaa729489f3e87','users');
INSERT INTO "ezurlalias" ("destination_url", "forward_to_id", "id", "is_imported", "is_internal", "is_wildcard", "source_md5", "source_url") VALUES ('content/view/full/12',0,15,1,1,0,'02d4e844e3a660857a3f81585995ffe1','users/guest_accounts');
INSERT INTO "ezurlalias" ("destination_url", "forward_to_id", "id", "is_imported", "is_internal", "is_wildcard", "source_md5", "source_url") VALUES ('content/view/full/13',0,16,1,1,0,'1b1d79c16700fd6003ea7be233e754ba','users/administrator_users');
INSERT INTO "ezurlalias" ("destination_url", "forward_to_id", "id", "is_imported", "is_internal", "is_wildcard", "source_md5", "source_url") VALUES ('content/view/full/14',0,17,1,1,0,'0bb9dd665c96bbc1cf36b79180786dea','users/editors');
INSERT INTO "ezurlalias" ("destination_url", "forward_to_id", "id", "is_imported", "is_internal", "is_wildcard", "source_md5", "source_url") VALUES ('content/view/full/15',0,18,1,1,0,'f1305ac5f327a19b451d82719e0c3f5d','users/administrator_users/administrator_user');
INSERT INTO "ezurlalias" ("destination_url", "forward_to_id", "id", "is_imported", "is_internal", "is_wildcard", "source_md5", "source_url") VALUES ('content/view/full/43',0,20,1,1,0,'62933a2951ef01f4eafd9bdf4d3cd2f0','media');
INSERT INTO "ezurlalias" ("destination_url", "forward_to_id", "id", "is_imported", "is_internal", "is_wildcard", "source_md5", "source_url") VALUES ('content/view/full/44',0,21,1,1,0,'3ae1aac958e1c82013689d917d34967a','users/anonymous_users');
INSERT INTO "ezurlalias" ("destination_url", "forward_to_id", "id", "is_imported", "is_internal", "is_wildcard", "source_md5", "source_url") VALUES ('content/view/full/45',0,22,1,1,0,'aad93975f09371695ba08292fd9698db','users/anonymous_users/anonymous_user');
INSERT INTO "ezurlalias" ("destination_url", "forward_to_id", "id", "is_imported", "is_internal", "is_wildcard", "source_md5", "source_url") VALUES ('content/view/full/51',0,28,1,1,0,'38985339d4a5aadfc41ab292b4527046','media/images');
INSERT INTO "ezurlalias" ("destination_url", "forward_to_id", "id", "is_imported", "is_internal", "is_wildcard", "source_md5", "source_url") VALUES ('content/view/full/52',0,29,1,1,0,'ad5a8c6f6aac3b1b9df267fe22e7aef6','media/files');
INSERT INTO "ezurlalias" ("destination_url", "forward_to_id", "id", "is_imported", "is_internal", "is_wildcard", "source_md5", "source_url") VALUES ('content/view/full/53',0,30,1,1,0,'562a0ac498571c6c3529173184a2657c','media/multimedia');

INSERT INTO "ezurlalias_ml" ("action", "action_type", "alias_redirects", "id", "is_alias", "is_original", "lang_mask", "link", "parent", "text", "text_md5") VALUES ('nop:','nop',1,17,0,0,1,17,0,'media2','50e2736330de124f6edea9b008556fe6');
INSERT INTO "ezurlalias_ml" ("action", "action_type", "alias_redirects", "id", "is_alias", "is_original", "lang_mask", "link", "parent", "text", "text_md5") VALUES ('eznode:43','eznode',1,9,0,1,3,9,0,'Media','62933a2951ef01f4eafd9bdf4d3cd2f0');
INSERT INTO "ezurlalias_ml" ("action", "action_type", "alias_redirects", "id", "is_alias", "is_original", "lang_mask", "link", "parent", "text", "text_md5") VALUES ('nop:','nop',1,3,0,0,1,3,0,'users2','86425c35a33507d479f71ade53a669aa');
INSERT INTO "ezurlalias_ml" ("action", "action_type", "alias_redirects", "id", "is_alias", "is_original", "lang_mask", "link", "parent", "text", "text_md5") VALUES ('eznode:5','eznode',1,2,0,1,3,2,0,'Users','9bc65c2abec141778ffaa729489f3e87');
INSERT INTO "ezurlalias_ml" ("action", "action_type", "alias_redirects", "id", "is_alias", "is_original", "lang_mask", "link", "parent", "text", "text_md5") VALUES ('eznode:2','eznode',1,1,0,1,3,1,0,'','d41d8cd98f00b204e9800998ecf8427e');
INSERT INTO "ezurlalias_ml" ("action", "action_type", "alias_redirects", "id", "is_alias", "is_original", "lang_mask", "link", "parent", "text", "text_md5") VALUES ('eznode:14','eznode',1,6,0,1,3,6,2,'Editors','a147e136bfa717592f2bd70bd4b53b17');
INSERT INTO "ezurlalias_ml" ("action", "action_type", "alias_redirects", "id", "is_alias", "is_original", "lang_mask", "link", "parent", "text", "text_md5") VALUES ('eznode:44','eznode',1,10,0,1,3,10,2,'Anonymous-Users','c2803c3fa1b0b5423237b4e018cae755');
INSERT INTO "ezurlalias_ml" ("action", "action_type", "alias_redirects", "id", "is_alias", "is_original", "lang_mask", "link", "parent", "text", "text_md5") VALUES ('eznode:12','eznode',1,4,0,1,3,4,2,'Guest-accounts','e57843d836e3af8ab611fde9e2139b3a');
INSERT INTO "ezurlalias_ml" ("action", "action_type", "alias_redirects", "id", "is_alias", "is_original", "lang_mask", "link", "parent", "text", "text_md5") VALUES ('eznode:13','eznode',1,5,0,1,3,5,2,'Administrator-users','f89fad7f8a3abc8c09e1deb46a420007');
INSERT INTO "ezurlalias_ml" ("action", "action_type", "alias_redirects", "id", "is_alias", "is_original", "lang_mask", "link", "parent", "text", "text_md5") VALUES ('nop:','nop',1,11,0,0,1,11,3,'anonymous_users2','505e93077a6dde9034ad97a14ab022b1');
INSERT INTO "ezurlalias_ml" ("action", "action_type", "alias_redirects", "id", "is_alias", "is_original", "lang_mask", "link", "parent", "text", "text_md5") VALUES ('eznode:12','eznode',1,26,0,0,1,4,3,'guest_accounts','70bb992820e73638731aa8de79b3329e');
INSERT INTO "ezurlalias_ml" ("action", "action_type", "alias_redirects", "id", "is_alias", "is_original", "lang_mask", "link", "parent", "text", "text_md5") VALUES ('eznode:14','eznode',1,29,0,0,1,6,3,'editors','a147e136bfa717592f2bd70bd4b53b17');
INSERT INTO "ezurlalias_ml" ("action", "action_type", "alias_redirects", "id", "is_alias", "is_original", "lang_mask", "link", "parent", "text", "text_md5") VALUES ('nop:','nop',1,7,0,0,1,7,3,'administrator_users2','a7da338c20bf65f9f789c87296379c2a');
INSERT INTO "ezurlalias_ml" ("action", "action_type", "alias_redirects", "id", "is_alias", "is_original", "lang_mask", "link", "parent", "text", "text_md5") VALUES ('eznode:13','eznode',1,27,0,0,1,5,3,'administrator_users','aeb8609aa933b0899aa012c71139c58c');
INSERT INTO "ezurlalias_ml" ("action", "action_type", "alias_redirects", "id", "is_alias", "is_original", "lang_mask", "link", "parent", "text", "text_md5") VALUES ('eznode:44','eznode',1,30,0,0,1,10,3,'anonymous_users','e9e5ad0c05ee1a43715572e5cc545926');
INSERT INTO "ezurlalias_ml" ("action", "action_type", "alias_redirects", "id", "is_alias", "is_original", "lang_mask", "link", "parent", "text", "text_md5") VALUES ('eznode:15','eznode',1,8,0,1,3,8,5,'Administrator-User','5a9d7b0ec93173ef4fedee023209cb61');
INSERT INTO "ezurlalias_ml" ("action", "action_type", "alias_redirects", "id", "is_alias", "is_original", "lang_mask", "link", "parent", "text", "text_md5") VALUES ('eznode:15','eznode',1,28,0,0,0,8,7,'administrator_user','a3cca2de936df1e2f805710399989971');
INSERT INTO "ezurlalias_ml" ("action", "action_type", "alias_redirects", "id", "is_alias", "is_original", "lang_mask", "link", "parent", "text", "text_md5") VALUES ('eznode:53','eznode',1,20,0,1,3,20,9,'Multimedia','2e5bc8831f7ae6a29530e7f1bbf2de9c');
INSERT INTO "ezurlalias_ml" ("action", "action_type", "alias_redirects", "id", "is_alias", "is_original", "lang_mask", "link", "parent", "text", "text_md5") VALUES ('eznode:52','eznode',1,19,0,1,3,19,9,'Files','45b963397aa40d4a0063e0d85e4fe7a1');
INSERT INTO "ezurlalias_ml" ("action", "action_type", "alias_redirects", "id", "is_alias", "is_original", "lang_mask", "link", "parent", "text", "text_md5") VALUES ('eznode:51','eznode',1,18,0,1,3,18,9,'Images','59b514174bffe4ae402b3d63aad79fe0');
INSERT INTO "ezurlalias_ml" ("action", "action_type", "alias_redirects", "id", "is_alias", "is_original", "lang_mask", "link", "parent", "text", "text_md5") VALUES ('eznode:45','eznode',1,12,0,1,3,12,10,'Anonymous-User','ccb62ebca03a31272430bc414bd5cd5b');
INSERT INTO "ezurlalias_ml" ("action", "action_type", "alias_redirects", "id", "is_alias", "is_original", "lang_mask", "link", "parent", "text", "text_md5") VALUES ('eznode:45','eznode',1,31,0,0,1,12,11,'anonymous_user','c593ec85293ecb0e02d50d4c5c6c20eb');
INSERT INTO "ezurlalias_ml" ("action", "action_type", "alias_redirects", "id", "is_alias", "is_original", "lang_mask", "link", "parent", "text", "text_md5") VALUES ('eznode:53','eznode',1,34,0,0,1,20,17,'multimedia','2e5bc8831f7ae6a29530e7f1bbf2de9c');
INSERT INTO "ezurlalias_ml" ("action", "action_type", "alias_redirects", "id", "is_alias", "is_original", "lang_mask", "link", "parent", "text", "text_md5") VALUES ('eznode:52','eznode',1,33,0,0,1,19,17,'files','45b963397aa40d4a0063e0d85e4fe7a1');
INSERT INTO "ezurlalias_ml" ("action", "action_type", "alias_redirects", "id", "is_alias", "is_original", "lang_mask", "link", "parent", "text", "text_md5") VALUES ('eznode:51','eznode',1,32,0,0,1,18,17,'images','59b514174bffe4ae402b3d63aad79fe0');

INSERT INTO "ezurlalias_ml_incr" ("id") VALUES (1);
INSERT INTO "ezurlalias_ml_incr" ("id") VALUES (2);
INSERT INTO "ezurlalias_ml_incr" ("id") VALUES (3);
INSERT INTO "ezurlalias_ml_incr" ("id") VALUES (4);
INSERT INTO "ezurlalias_ml_incr" ("id") VALUES (5);
INSERT INTO "ezurlalias_ml_incr" ("id") VALUES (6);
INSERT INTO "ezurlalias_ml_incr" ("id") VALUES (7);
INSERT INTO "ezurlalias_ml_incr" ("id") VALUES (8);
INSERT INTO "ezurlalias_ml_incr" ("id") VALUES (9);
INSERT INTO "ezurlalias_ml_incr" ("id") VALUES (10);
INSERT INTO "ezurlalias_ml_incr" ("id") VALUES (11);
INSERT INTO "ezurlalias_ml_incr" ("id") VALUES (12);
INSERT INTO "ezurlalias_ml_incr" ("id") VALUES (13);
INSERT INTO "ezurlalias_ml_incr" ("id") VALUES (14);
INSERT INTO "ezurlalias_ml_incr" ("id") VALUES (15);
INSERT INTO "ezurlalias_ml_incr" ("id") VALUES (16);
INSERT INTO "ezurlalias_ml_incr" ("id") VALUES (17);
INSERT INTO "ezurlalias_ml_incr" ("id") VALUES (18);
INSERT INTO "ezurlalias_ml_incr" ("id") VALUES (19);
INSERT INTO "ezurlalias_ml_incr" ("id") VALUES (20);
INSERT INTO "ezurlalias_ml_incr" ("id") VALUES (21);
INSERT INTO "ezurlalias_ml_incr" ("id") VALUES (22);
INSERT INTO "ezurlalias_ml_incr" ("id") VALUES (24);
INSERT INTO "ezurlalias_ml_incr" ("id") VALUES (25);
INSERT INTO "ezurlalias_ml_incr" ("id") VALUES (26);
INSERT INTO "ezurlalias_ml_incr" ("id") VALUES (27);
INSERT INTO "ezurlalias_ml_incr" ("id") VALUES (28);
INSERT INTO "ezurlalias_ml_incr" ("id") VALUES (29);
INSERT INTO "ezurlalias_ml_incr" ("id") VALUES (30);
INSERT INTO "ezurlalias_ml_incr" ("id") VALUES (31);
INSERT INTO "ezurlalias_ml_incr" ("id") VALUES (32);
INSERT INTO "ezurlalias_ml_incr" ("id") VALUES (33);
INSERT INTO "ezurlalias_ml_incr" ("id") VALUES (34);
INSERT INTO "ezurlalias_ml_incr" ("id") VALUES (35);
INSERT INTO "ezurlalias_ml_incr" ("id") VALUES (36);
INSERT INTO "ezurlalias_ml_incr" ("id") VALUES (37);

INSERT INTO "ezuser" ("contentobject_id", "email", "login", "password_hash", "password_hash_type") VALUES (10,'nospam@ez.no','anonymous','$2y$10$35gOSQs6JK4u4whyERaeUuVeQBi2TUBIZIfP7HEj7sfz.MxvTuOeC',7);
INSERT INTO "ezuser" ("contentobject_id", "email", "login", "password_hash", "password_hash_type") VALUES (14,'nospam@ez.no','admin','$2y$10$FDn9NPwzhq85cLLxfD5Wu.L3SL3Z/LNCvhkltJUV0wcJj7ciJg2oy',7);

INSERT INTO "ezuser_role" ("contentobject_id", "id", "limit_identifier", "limit_value", "role_id") VALUES (11,28,'','',1);
INSERT INTO "ezuser_role" ("contentobject_id", "id", "limit_identifier", "limit_value", "role_id") VALUES (42,31,'','',1);
INSERT INTO "ezuser_role" ("contentobject_id", "id", "limit_identifier", "limit_value", "role_id") VALUES (13,32,'Subtree','/1/2/',3);
INSERT INTO "ezuser_role" ("contentobject_id", "id", "limit_identifier", "limit_value", "role_id") VALUES (13,33,'Subtree','/1/43/',3);
INSERT INTO "ezuser_role" ("contentobject_id", "id", "limit_identifier", "limit_value", "role_id") VALUES (12,34,'','',2);
INSERT INTO "ezuser_role" ("contentobject_id", "id", "limit_identifier", "limit_value", "role_id") VALUES (13,35,'','',4);

INSERT INTO "ezuser_setting" ("is_enabled", "max_login", "user_id") VALUES (1,1000,10);
INSERT INTO "ezuser_setting" ("is_enabled", "max_login", "user_id") VALUES (1,10,14);

INSERT INTO "ezuservisit" ("current_visit_timestamp", "failed_login_attempts", "last_visit_timestamp", "login_count", "user_id") VALUES (1301057720,0,1301057720,0,14);

-- Set proper sequence values after inserting data
SELECT SETVAL('ezcobj_state_group_id_seq', COALESCE(MAX(id), 1) ) FROM ezcobj_state_group;
SELECT SETVAL('ezcobj_state_id_seq', COALESCE(MAX(id), 1) ) FROM ezcobj_state;
SELECT SETVAL('ezcontentbrowsebookmark_id_seq', COALESCE(MAX(id), 1) ) FROM ezcontentbrowsebookmark;
SELECT SETVAL('ezcontentclass_attribute_id_seq', COALESCE(MAX(id), 1) ) FROM ezcontentclass_attribute;
SELECT SETVAL('ezcontentclass_id_seq', COALESCE(MAX(id), 1) ) FROM ezcontentclass;
SELECT SETVAL('ezcontentclassgroup_id_seq', COALESCE(MAX(id), 1) ) FROM ezcontentclassgroup;
SELECT SETVAL('ezcontentobject_attribute_id_seq', COALESCE(MAX(id), 1) ) FROM ezcontentobject_attribute;
SELECT SETVAL('ezcontentobject_id_seq', COALESCE(MAX(id), 1) ) FROM ezcontentobject;
SELECT SETVAL('ezcontentobject_link_id_seq', COALESCE(MAX(id), 1) ) FROM ezcontentobject_link;
SELECT SETVAL('ezcontentobject_tree_node_id_seq', COALESCE(MAX(node_id), 1) ) FROM ezcontentobject_tree;
SELECT SETVAL('ezcontentobject_version_id_seq', COALESCE(MAX(id), 1) ) FROM ezcontentobject_version;
SELECT SETVAL('ezimagefile_id_seq', COALESCE(MAX(id), 1) ) FROM ezimagefile;
SELECT SETVAL('ezkeyword_attribute_link_id_seq', COALESCE(MAX(id), 1) ) FROM ezkeyword_attribute_link;
SELECT SETVAL('ezkeyword_id_seq', COALESCE(MAX(id), 1) ) FROM ezkeyword;
SELECT SETVAL('eznode_assignment_id_seq', COALESCE(MAX(id), 1) ) FROM eznode_assignment;
SELECT SETVAL('eznotification_id_seq', COALESCE(MAX(id), 1) ) FROM eznotification;
SELECT SETVAL('ezpackage_id_seq', COALESCE(MAX(id), 1) ) FROM ezpackage;
SELECT SETVAL('ezpolicy_id_seq', COALESCE(MAX(id), 1) ) FROM ezpolicy;
SELECT SETVAL('ezpolicy_limitation_id_seq', COALESCE(MAX(id), 1) ) FROM ezpolicy_limitation;
SELECT SETVAL('ezpolicy_limitation_value_id_seq', COALESCE(MAX(id), 1) ) FROM ezpolicy_limitation_value;
SELECT SETVAL('ezpreferences_id_seq', COALESCE(MAX(id), 1) ) FROM ezpreferences;
SELECT SETVAL('ezrole_id_seq', COALESCE(MAX(id), 1) ) FROM ezrole;
SELECT SETVAL('ezsearch_object_word_link_id_seq', COALESCE(MAX(id), 1) ) FROM ezsearch_object_word_link;
SELECT SETVAL('ezsearch_search_phrase_id_seq', COALESCE(MAX(id), 1) ) FROM ezsearch_search_phrase;
SELECT SETVAL('ezsearch_word_id_seq', COALESCE(MAX(id), 1) ) FROM ezsearch_word;
SELECT SETVAL('ezsection_id_seq', COALESCE(MAX(id), 1) ) FROM ezsection;
SELECT SETVAL('ezstarrating_data_id_seq', COALESCE(MAX(id), 1) ) FROM ezstarrating_data;
SELECT SETVAL('ezurl_id_seq', COALESCE(MAX(id), 1) ) FROM ezurl;
SELECT SETVAL('ezurlalias_id_seq', COALESCE(MAX(id), 1) ) FROM ezurlalias;
SELECT SETVAL('ezurlalias_ml_incr_id_seq', COALESCE(MAX(id), 1) ) FROM ezurlalias_ml_incr;
SELECT SETVAL('ezurlwildcard_id_seq', COALESCE(MAX(id), 1) ) FROM ezurlwildcard;
SELECT SETVAL('ezuser_accountkey_id_seq', COALESCE(MAX(id), 1) ) FROM ezuser_accountkey;
SELECT SETVAL('ezuser_role_id_seq', COALESCE(MAX(id), 1) ) FROM ezuser_role;
