INSERT INTO `ezcobj_state` (`default_language_id`, `group_id`, `id`, `identifier`, `language_mask`, `priority`) VALUES (2,2,1,'not_locked',3,0);
INSERT INTO `ezcobj_state` (`default_language_id`, `group_id`, `id`, `identifier`, `language_mask`, `priority`) VALUES (2,2,2,'locked',3,1);

INSERT INTO `ezcobj_state_group` (`default_language_id`, `id`, `identifier`, `language_mask`) VALUES (2,2,'ez_lock',3);

INSERT INTO `ezcobj_state_group_language` (`contentobject_state_group_id`, `description`, `language_id`, `name`, `real_language_id`) VALUES (2,'',3,'Lock',2);

INSERT INTO `ezcobj_state_language` (`contentobject_state_id`, `description`, `language_id`, `name`) VALUES (1,'',3,'Not locked');
INSERT INTO `ezcobj_state_language` (`contentobject_state_id`, `description`, `language_id`, `name`) VALUES (2,'',3,'Locked');

INSERT INTO `ezcobj_state_link` (`contentobject_id`, `contentobject_state_id`) VALUES (1,1);
INSERT INTO `ezcobj_state_link` (`contentobject_id`, `contentobject_state_id`) VALUES (4,1);
INSERT INTO `ezcobj_state_link` (`contentobject_id`, `contentobject_state_id`) VALUES (10,1);
INSERT INTO `ezcobj_state_link` (`contentobject_id`, `contentobject_state_id`) VALUES (11,1);
INSERT INTO `ezcobj_state_link` (`contentobject_id`, `contentobject_state_id`) VALUES (12,1);
INSERT INTO `ezcobj_state_link` (`contentobject_id`, `contentobject_state_id`) VALUES (13,1);
INSERT INTO `ezcobj_state_link` (`contentobject_id`, `contentobject_state_id`) VALUES (14,1);
INSERT INTO `ezcobj_state_link` (`contentobject_id`, `contentobject_state_id`) VALUES (41,1);
INSERT INTO `ezcobj_state_link` (`contentobject_id`, `contentobject_state_id`) VALUES (42,1);
INSERT INTO `ezcobj_state_link` (`contentobject_id`, `contentobject_state_id`) VALUES (49,1);
INSERT INTO `ezcobj_state_link` (`contentobject_id`, `contentobject_state_id`) VALUES (50,1);
INSERT INTO `ezcobj_state_link` (`contentobject_id`, `contentobject_state_id`) VALUES (51,1);

INSERT INTO `ezcontent_language` (`disabled`, `id`, `locale`, `name`) VALUES (0,2,'eng-GB','English (United Kingdom)');

INSERT INTO `ezcontentclass` (`always_available`, `contentobject_name`, `created`, `creator_id`, `id`, `identifier`, `initial_language_id`, `is_container`, `language_mask`, `modified`, `modifier_id`, `remote_id`, `serialized_description_list`, `serialized_name_list`, `sort_field`, `sort_order`, `url_alias_name`, `version`) VALUES (1,'<short_name|name>',1024392098,14,1,'folder',2,1,2,1448831672,14,'a3d405b81be900468eb153d774f4f0d2','a:0:{}','a:1:{s:6:\"eng-GB\";s:6:\"Folder\";}',1,1,NULL,0);
INSERT INTO `ezcontentclass` (`always_available`, `contentobject_name`, `created`, `creator_id`, `id`, `identifier`, `initial_language_id`, `is_container`, `language_mask`, `modified`, `modifier_id`, `remote_id`, `serialized_description_list`, `serialized_name_list`, `sort_field`, `sort_order`, `url_alias_name`, `version`) VALUES (0,'<short_title|title>',1024392098,14,2,'article',2,1,3,1082454989,14,'c15b600eb9198b1924063b5a68758232',NULL,'a:2:{s:6:\"eng-GB\";s:7:\"Article\";s:16:\"always-available\";s:6:\"eng-GB\";}',1,1,NULL,0);
INSERT INTO `ezcontentclass` (`always_available`, `contentobject_name`, `created`, `creator_id`, `id`, `identifier`, `initial_language_id`, `is_container`, `language_mask`, `modified`, `modifier_id`, `remote_id`, `serialized_description_list`, `serialized_name_list`, `sort_field`, `sort_order`, `url_alias_name`, `version`) VALUES (1,'<name>',1024392098,14,3,'user_group',2,1,3,1048494743,14,'25b4268cdcd01921b808a0d854b877ef',NULL,'a:2:{s:6:\"eng-GB\";s:10:\"User group\";s:16:\"always-available\";s:6:\"eng-GB\";}',1,1,NULL,0);
INSERT INTO `ezcontentclass` (`always_available`, `contentobject_name`, `created`, `creator_id`, `id`, `identifier`, `initial_language_id`, `is_container`, `language_mask`, `modified`, `modifier_id`, `remote_id`, `serialized_description_list`, `serialized_name_list`, `sort_field`, `sort_order`, `url_alias_name`, `version`) VALUES (1,'<first_name> <last_name>',1024392098,14,4,'user',2,0,3,1082018364,14,'40faa822edc579b02c25f6bb7beec3ad',NULL,'a:2:{s:6:\"eng-GB\";s:4:\"User\";s:16:\"always-available\";s:6:\"eng-GB\";}',1,1,NULL,0);
INSERT INTO `ezcontentclass` (`always_available`, `contentobject_name`, `created`, `creator_id`, `id`, `identifier`, `initial_language_id`, `is_container`, `language_mask`, `modified`, `modifier_id`, `remote_id`, `serialized_description_list`, `serialized_name_list`, `sort_field`, `sort_order`, `url_alias_name`, `version`) VALUES (1,'<name>',1031484992,14,5,'image',2,0,3,1048494784,14,'f6df12aa74e36230eb675f364fccd25a',NULL,'a:2:{s:6:\"eng-GB\";s:5:\"Image\";s:16:\"always-available\";s:6:\"eng-GB\";}',1,1,NULL,0);
INSERT INTO `ezcontentclass` (`always_available`, `contentobject_name`, `created`, `creator_id`, `id`, `identifier`, `initial_language_id`, `is_container`, `language_mask`, `modified`, `modifier_id`, `remote_id`, `serialized_description_list`, `serialized_name_list`, `sort_field`, `sort_order`, `url_alias_name`, `version`) VALUES (1,'<name>',1052385472,14,12,'file',2,0,3,1052385669,14,'637d58bfddf164627bdfd265733280a0',NULL,'a:2:{s:6:\"eng-GB\";s:4:\"File\";s:16:\"always-available\";s:6:\"eng-GB\";}',1,1,NULL,0);

INSERT INTO `ezcontentclass_attribute` (`can_translate`, `category`, `contentclass_id`, `data_float1`, `data_float2`, `data_float3`, `data_float4`, `data_int1`, `data_int2`, `data_int3`, `data_int4`, `data_text1`, `data_text2`, `data_text3`, `data_text4`, `data_text5`, `data_type_string`, `id`, `identifier`, `is_information_collector`, `is_required`, `is_searchable`, `placement`, `serialized_data_text`, `serialized_description_list`, `serialized_name_list`, `version`) VALUES (1,'',2,0,0,0,0,255,0,0,0,'New article','','','','','ezstring',1,'title',0,1,1,1,NULL,NULL,'a:2:{s:6:\"eng-GB\";s:5:\"Title\";s:16:\"always-available\";s:6:\"eng-GB\";}',0);
INSERT INTO `ezcontentclass_attribute` (`can_translate`, `category`, `contentclass_id`, `data_float1`, `data_float2`, `data_float3`, `data_float4`, `data_int1`, `data_int2`, `data_int3`, `data_int4`, `data_text1`, `data_text2`, `data_text3`, `data_text4`, `data_text5`, `data_type_string`, `id`, `identifier`, `is_information_collector`, `is_required`, `is_searchable`, `placement`, `serialized_data_text`, `serialized_description_list`, `serialized_name_list`, `version`) VALUES (1,'',1,NULL,NULL,NULL,NULL,255,0,NULL,NULL,'Folder',NULL,NULL,NULL,NULL,'ezstring',4,'name',0,1,1,1,'N;','a:0:{}','a:1:{s:6:\"eng-GB\";s:4:\"Name\";}',0);
INSERT INTO `ezcontentclass_attribute` (`can_translate`, `category`, `contentclass_id`, `data_float1`, `data_float2`, `data_float3`, `data_float4`, `data_int1`, `data_int2`, `data_int3`, `data_int4`, `data_text1`, `data_text2`, `data_text3`, `data_text4`, `data_text5`, `data_type_string`, `id`, `identifier`, `is_information_collector`, `is_required`, `is_searchable`, `placement`, `serialized_data_text`, `serialized_description_list`, `serialized_name_list`, `version`) VALUES (1,'',3,0,0,0,0,255,0,0,0,'','','','',NULL,'ezstring',6,'name',0,1,1,1,NULL,NULL,'a:2:{s:6:\"eng-GB\";s:4:\"Name\";s:16:\"always-available\";s:6:\"eng-GB\";}',0);
INSERT INTO `ezcontentclass_attribute` (`can_translate`, `category`, `contentclass_id`, `data_float1`, `data_float2`, `data_float3`, `data_float4`, `data_int1`, `data_int2`, `data_int3`, `data_int4`, `data_text1`, `data_text2`, `data_text3`, `data_text4`, `data_text5`, `data_type_string`, `id`, `identifier`, `is_information_collector`, `is_required`, `is_searchable`, `placement`, `serialized_data_text`, `serialized_description_list`, `serialized_name_list`, `version`) VALUES (1,'',3,0,0,0,0,255,0,0,0,'','','','',NULL,'ezstring',7,'description',0,0,1,2,NULL,NULL,'a:2:{s:6:\"eng-GB\";s:11:\"Description\";s:16:\"always-available\";s:6:\"eng-GB\";}',0);
INSERT INTO `ezcontentclass_attribute` (`can_translate`, `category`, `contentclass_id`, `data_float1`, `data_float2`, `data_float3`, `data_float4`, `data_int1`, `data_int2`, `data_int3`, `data_int4`, `data_text1`, `data_text2`, `data_text3`, `data_text4`, `data_text5`, `data_type_string`, `id`, `identifier`, `is_information_collector`, `is_required`, `is_searchable`, `placement`, `serialized_data_text`, `serialized_description_list`, `serialized_name_list`, `version`) VALUES (1,'',4,0,0,0,0,255,0,0,0,'','','','','','ezstring',8,'first_name',0,1,1,1,NULL,NULL,'a:2:{s:6:\"eng-GB\";s:10:\"First name\";s:16:\"always-available\";s:6:\"eng-GB\";}',0);
INSERT INTO `ezcontentclass_attribute` (`can_translate`, `category`, `contentclass_id`, `data_float1`, `data_float2`, `data_float3`, `data_float4`, `data_int1`, `data_int2`, `data_int3`, `data_int4`, `data_text1`, `data_text2`, `data_text3`, `data_text4`, `data_text5`, `data_type_string`, `id`, `identifier`, `is_information_collector`, `is_required`, `is_searchable`, `placement`, `serialized_data_text`, `serialized_description_list`, `serialized_name_list`, `version`) VALUES (1,'',4,0,0,0,0,255,0,0,0,'','','','','','ezstring',9,'last_name',0,1,1,2,NULL,NULL,'a:2:{s:6:\"eng-GB\";s:9:\"Last name\";s:16:\"always-available\";s:6:\"eng-GB\";}',0);
INSERT INTO `ezcontentclass_attribute` (`can_translate`, `category`, `contentclass_id`, `data_float1`, `data_float2`, `data_float3`, `data_float4`, `data_int1`, `data_int2`, `data_int3`, `data_int4`, `data_text1`, `data_text2`, `data_text3`, `data_text4`, `data_text5`, `data_type_string`, `id`, `identifier`, `is_information_collector`, `is_required`, `is_searchable`, `placement`, `serialized_data_text`, `serialized_description_list`, `serialized_name_list`, `version`) VALUES (0,'',4,0,0,0,0,7,10,0,0,'','','','','','ezuser',12,'user_account',0,1,0,3,NULL,NULL,'a:2:{s:6:\"eng-GB\";s:12:\"User account\";s:16:\"always-available\";s:6:\"eng-GB\";}',0);
INSERT INTO `ezcontentclass_attribute` (`can_translate`, `category`, `contentclass_id`, `data_float1`, `data_float2`, `data_float3`, `data_float4`, `data_int1`, `data_int2`, `data_int3`, `data_int4`, `data_text1`, `data_text2`, `data_text3`, `data_text4`, `data_text5`, `data_type_string`, `id`, `identifier`, `is_information_collector`, `is_required`, `is_searchable`, `placement`, `serialized_data_text`, `serialized_description_list`, `serialized_name_list`, `version`) VALUES (1,'',5,0,0,0,0,150,0,0,0,'','','','',NULL,'ezstring',116,'name',0,1,1,1,NULL,NULL,'a:2:{s:6:\"eng-GB\";s:4:\"Name\";s:16:\"always-available\";s:6:\"eng-GB\";}',0);
INSERT INTO `ezcontentclass_attribute` (`can_translate`, `category`, `contentclass_id`, `data_float1`, `data_float2`, `data_float3`, `data_float4`, `data_int1`, `data_int2`, `data_int3`, `data_int4`, `data_text1`, `data_text2`, `data_text3`, `data_text4`, `data_text5`, `data_type_string`, `id`, `identifier`, `is_information_collector`, `is_required`, `is_searchable`, `placement`, `serialized_data_text`, `serialized_description_list`, `serialized_name_list`, `version`) VALUES (1,'',5,0,0,0,0,10,0,0,0,'','','','',NULL,'ezrichtext',117,'caption',0,0,1,2,NULL,NULL,'a:2:{s:6:\"eng-GB\";s:7:\"Caption\";s:16:\"always-available\";s:6:\"eng-GB\";}',0);
INSERT INTO `ezcontentclass_attribute` (`can_translate`, `category`, `contentclass_id`, `data_float1`, `data_float2`, `data_float3`, `data_float4`, `data_int1`, `data_int2`, `data_int3`, `data_int4`, `data_text1`, `data_text2`, `data_text3`, `data_text4`, `data_text5`, `data_type_string`, `id`, `identifier`, `is_information_collector`, `is_required`, `is_searchable`, `placement`, `serialized_data_text`, `serialized_description_list`, `serialized_name_list`, `version`) VALUES (1,'',5,0,0,0,0,10,0,0,0,'','','','',NULL,'ezimage',118,'image',0,0,0,3,NULL,NULL,'a:2:{s:6:\"eng-GB\";s:5:\"Image\";s:16:\"always-available\";s:6:\"eng-GB\";}',0);
INSERT INTO `ezcontentclass_attribute` (`can_translate`, `category`, `contentclass_id`, `data_float1`, `data_float2`, `data_float3`, `data_float4`, `data_int1`, `data_int2`, `data_int3`, `data_int4`, `data_text1`, `data_text2`, `data_text3`, `data_text4`, `data_text5`, `data_type_string`, `id`, `identifier`, `is_information_collector`, `is_required`, `is_searchable`, `placement`, `serialized_data_text`, `serialized_description_list`, `serialized_name_list`, `version`) VALUES (1,'',1,NULL,NULL,NULL,NULL,5,NULL,NULL,NULL,NULL,NULL,NULL,NULL,NULL,'ezrichtext',119,'short_description',0,0,1,3,'N;','a:0:{}','a:1:{s:6:\"eng-GB\";s:17:\"Short description\";}',0);
INSERT INTO `ezcontentclass_attribute` (`can_translate`, `category`, `contentclass_id`, `data_float1`, `data_float2`, `data_float3`, `data_float4`, `data_int1`, `data_int2`, `data_int3`, `data_int4`, `data_text1`, `data_text2`, `data_text3`, `data_text4`, `data_text5`, `data_type_string`, `id`, `identifier`, `is_information_collector`, `is_required`, `is_searchable`, `placement`, `serialized_data_text`, `serialized_description_list`, `serialized_name_list`, `version`) VALUES (1,'',2,0,0,0,0,10,0,0,0,'','','','','','ezrichtext',120,'intro',0,1,1,4,NULL,NULL,'a:2:{s:6:\"eng-GB\";s:5:\"Intro\";s:16:\"always-available\";s:6:\"eng-GB\";}',0);
INSERT INTO `ezcontentclass_attribute` (`can_translate`, `category`, `contentclass_id`, `data_float1`, `data_float2`, `data_float3`, `data_float4`, `data_int1`, `data_int2`, `data_int3`, `data_int4`, `data_text1`, `data_text2`, `data_text3`, `data_text4`, `data_text5`, `data_type_string`, `id`, `identifier`, `is_information_collector`, `is_required`, `is_searchable`, `placement`, `serialized_data_text`, `serialized_description_list`, `serialized_name_list`, `version`) VALUES (1,'',2,0,0,0,0,20,0,0,0,'','','','','','ezrichtext',121,'body',0,0,1,5,NULL,NULL,'a:2:{s:6:\"eng-GB\";s:4:\"Body\";s:16:\"always-available\";s:6:\"eng-GB\";}',0);
INSERT INTO `ezcontentclass_attribute` (`can_translate`, `category`, `contentclass_id`, `data_float1`, `data_float2`, `data_float3`, `data_float4`, `data_int1`, `data_int2`, `data_int3`, `data_int4`, `data_text1`, `data_text2`, `data_text3`, `data_text4`, `data_text5`, `data_type_string`, `id`, `identifier`, `is_information_collector`, `is_required`, `is_searchable`, `placement`, `serialized_data_text`, `serialized_description_list`, `serialized_name_list`, `version`) VALUES (0,'',2,0,0,0,0,0,0,0,0,'','','','','','ezboolean',123,'enable_comments',0,0,0,6,NULL,NULL,'a:2:{s:6:\"eng-GB\";s:15:\"Enable comments\";s:16:\"always-available\";s:6:\"eng-GB\";}',0);
INSERT INTO `ezcontentclass_attribute` (`can_translate`, `category`, `contentclass_id`, `data_float1`, `data_float2`, `data_float3`, `data_float4`, `data_int1`, `data_int2`, `data_int3`, `data_int4`, `data_text1`, `data_text2`, `data_text3`, `data_text4`, `data_text5`, `data_type_string`, `id`, `identifier`, `is_information_collector`, `is_required`, `is_searchable`, `placement`, `serialized_data_text`, `serialized_description_list`, `serialized_name_list`, `version`) VALUES (1,'',12,0,0,0,0,0,0,0,0,'New file','','','',NULL,'ezstring',146,'name',0,1,1,1,NULL,NULL,'a:2:{s:6:\"eng-GB\";s:4:\"Name\";s:16:\"always-available\";s:6:\"eng-GB\";}',0);
INSERT INTO `ezcontentclass_attribute` (`can_translate`, `category`, `contentclass_id`, `data_float1`, `data_float2`, `data_float3`, `data_float4`, `data_int1`, `data_int2`, `data_int3`, `data_int4`, `data_text1`, `data_text2`, `data_text3`, `data_text4`, `data_text5`, `data_type_string`, `id`, `identifier`, `is_information_collector`, `is_required`, `is_searchable`, `placement`, `serialized_data_text`, `serialized_description_list`, `serialized_name_list`, `version`) VALUES (1,'',12,0,0,0,0,10,0,0,0,'','','','',NULL,'ezrichtext',147,'description',0,0,1,2,NULL,NULL,'a:2:{s:6:\"eng-GB\";s:11:\"Description\";s:16:\"always-available\";s:6:\"eng-GB\";}',0);
INSERT INTO `ezcontentclass_attribute` (`can_translate`, `category`, `contentclass_id`, `data_float1`, `data_float2`, `data_float3`, `data_float4`, `data_int1`, `data_int2`, `data_int3`, `data_int4`, `data_text1`, `data_text2`, `data_text3`, `data_text4`, `data_text5`, `data_type_string`, `id`, `identifier`, `is_information_collector`, `is_required`, `is_searchable`, `placement`, `serialized_data_text`, `serialized_description_list`, `serialized_name_list`, `version`) VALUES (1,'',12,0,0,0,0,0,0,0,0,'','','','',NULL,'ezbinaryfile',148,'file',0,1,0,3,NULL,NULL,'a:2:{s:6:\"eng-GB\";s:4:\"File\";s:16:\"always-available\";s:6:\"eng-GB\";}',0);
INSERT INTO `ezcontentclass_attribute` (`can_translate`, `category`, `contentclass_id`, `data_float1`, `data_float2`, `data_float3`, `data_float4`, `data_int1`, `data_int2`, `data_int3`, `data_int4`, `data_text1`, `data_text2`, `data_text3`, `data_text4`, `data_text5`, `data_type_string`, `id`, `identifier`, `is_information_collector`, `is_required`, `is_searchable`, `placement`, `serialized_data_text`, `serialized_description_list`, `serialized_name_list`, `version`) VALUES (1,'',2,0,0,0,0,255,0,0,0,'','','','','','ezstring',152,'short_title',0,0,1,2,NULL,NULL,'a:2:{s:6:\"eng-GB\";s:11:\"Short title\";s:16:\"always-available\";s:6:\"eng-GB\";}',0);
INSERT INTO `ezcontentclass_attribute` (`can_translate`, `category`, `contentclass_id`, `data_float1`, `data_float2`, `data_float3`, `data_float4`, `data_int1`, `data_int2`, `data_int3`, `data_int4`, `data_text1`, `data_text2`, `data_text3`, `data_text4`, `data_text5`, `data_type_string`, `id`, `identifier`, `is_information_collector`, `is_required`, `is_searchable`, `placement`, `serialized_data_text`, `serialized_description_list`, `serialized_name_list`, `version`) VALUES (1,'',2,0,0,0,0,1,0,0,0,'','','','','','ezauthor',153,'author',0,0,0,3,NULL,NULL,'a:2:{s:6:\"eng-GB\";s:6:\"Author\";s:16:\"always-available\";s:6:\"eng-GB\";}',0);
INSERT INTO `ezcontentclass_attribute` (`can_translate`, `category`, `contentclass_id`, `data_float1`, `data_float2`, `data_float3`, `data_float4`, `data_int1`, `data_int2`, `data_int3`, `data_int4`, `data_text1`, `data_text2`, `data_text3`, `data_text4`, `data_text5`, `data_type_string`, `id`, `identifier`, `is_information_collector`, `is_required`, `is_searchable`, `placement`, `serialized_data_text`, `serialized_description_list`, `serialized_name_list`, `version`) VALUES (1,'',2,0,0,0,0,0,0,0,0,'','','','','','ezobjectrelation',154,'image',0,0,1,7,NULL,NULL,'a:2:{s:6:\"eng-GB\";s:5:\"Image\";s:16:\"always-available\";s:6:\"eng-GB\";}',0);
INSERT INTO `ezcontentclass_attribute` (`can_translate`, `category`, `contentclass_id`, `data_float1`, `data_float2`, `data_float3`, `data_float4`, `data_int1`, `data_int2`, `data_int3`, `data_int4`, `data_text1`, `data_text2`, `data_text3`, `data_text4`, `data_text5`, `data_type_string`, `id`, `identifier`, `is_information_collector`, `is_required`, `is_searchable`, `placement`, `serialized_data_text`, `serialized_description_list`, `serialized_name_list`, `version`) VALUES (1,'',1,NULL,NULL,NULL,NULL,100,0,NULL,NULL,NULL,NULL,NULL,NULL,NULL,'ezstring',155,'short_name',0,0,1,2,'N;','a:0:{}','a:1:{s:6:\"eng-GB\";s:10:\"Short name\";}',0);
INSERT INTO `ezcontentclass_attribute` (`can_translate`, `category`, `contentclass_id`, `data_float1`, `data_float2`, `data_float3`, `data_float4`, `data_int1`, `data_int2`, `data_int3`, `data_int4`, `data_text1`, `data_text2`, `data_text3`, `data_text4`, `data_text5`, `data_type_string`, `id`, `identifier`, `is_information_collector`, `is_required`, `is_searchable`, `placement`, `serialized_data_text`, `serialized_description_list`, `serialized_name_list`, `version`) VALUES (1,'',1,NULL,NULL,NULL,NULL,20,NULL,NULL,NULL,NULL,NULL,NULL,NULL,NULL,'ezrichtext',156,'description',0,0,1,4,'N;','a:0:{}','a:1:{s:6:\"eng-GB\";s:11:\"Description\";}',0);
INSERT INTO `ezcontentclass_attribute` (`can_translate`, `category`, `contentclass_id`, `data_float1`, `data_float2`, `data_float3`, `data_float4`, `data_int1`, `data_int2`, `data_int3`, `data_int4`, `data_text1`, `data_text2`, `data_text3`, `data_text4`, `data_text5`, `data_type_string`, `id`, `identifier`, `is_information_collector`, `is_required`, `is_searchable`, `placement`, `serialized_data_text`, `serialized_description_list`, `serialized_name_list`, `version`) VALUES (1,'',4,0,0,0,0,10,0,0,0,'','','','','','eztext',179,'signature',0,0,1,4,NULL,NULL,'a:2:{s:6:\"eng-GB\";s:9:\"Signature\";s:16:\"always-available\";s:6:\"eng-GB\";}',0);
INSERT INTO `ezcontentclass_attribute` (`can_translate`, `category`, `contentclass_id`, `data_float1`, `data_float2`, `data_float3`, `data_float4`, `data_int1`, `data_int2`, `data_int3`, `data_int4`, `data_text1`, `data_text2`, `data_text3`, `data_text4`, `data_text5`, `data_type_string`, `id`, `identifier`, `is_information_collector`, `is_required`, `is_searchable`, `placement`, `serialized_data_text`, `serialized_description_list`, `serialized_name_list`, `version`) VALUES (1,'',4,0,0,0,0,10,0,0,0,'','','','','','ezimage',180,'image',0,0,0,5,NULL,NULL,'a:2:{s:6:\"eng-GB\";s:5:\"Image\";s:16:\"always-available\";s:6:\"eng-GB\";}',0);

INSERT INTO `ezcontentclass_classgroup` (`contentclass_id`, `contentclass_version`, `group_id`, `group_name`) VALUES (1,0,1,'Content');
INSERT INTO `ezcontentclass_classgroup` (`contentclass_id`, `contentclass_version`, `group_id`, `group_name`) VALUES (2,0,1,'Content');
INSERT INTO `ezcontentclass_classgroup` (`contentclass_id`, `contentclass_version`, `group_id`, `group_name`) VALUES (3,0,2,'Users');
INSERT INTO `ezcontentclass_classgroup` (`contentclass_id`, `contentclass_version`, `group_id`, `group_name`) VALUES (4,0,2,'Users');
INSERT INTO `ezcontentclass_classgroup` (`contentclass_id`, `contentclass_version`, `group_id`, `group_name`) VALUES (5,0,3,'Media');
INSERT INTO `ezcontentclass_classgroup` (`contentclass_id`, `contentclass_version`, `group_id`, `group_name`) VALUES (12,0,3,'Media');

INSERT INTO `ezcontentclass_name` (`contentclass_id`, `contentclass_version`, `language_id`, `language_locale`, `name`) VALUES (1,0,2,'eng-GB','Folder');
INSERT INTO `ezcontentclass_name` (`contentclass_id`, `contentclass_version`, `language_id`, `language_locale`, `name`) VALUES (2,0,3,'eng-GB','Article');
INSERT INTO `ezcontentclass_name` (`contentclass_id`, `contentclass_version`, `language_id`, `language_locale`, `name`) VALUES (3,0,3,'eng-GB','User group');
INSERT INTO `ezcontentclass_name` (`contentclass_id`, `contentclass_version`, `language_id`, `language_locale`, `name`) VALUES (4,0,3,'eng-GB','User');
INSERT INTO `ezcontentclass_name` (`contentclass_id`, `contentclass_version`, `language_id`, `language_locale`, `name`) VALUES (5,0,3,'eng-GB','Image');
INSERT INTO `ezcontentclass_name` (`contentclass_id`, `contentclass_version`, `language_id`, `language_locale`, `name`) VALUES (12,0,3,'eng-GB','File');

INSERT INTO `ezcontentclassgroup` (`created`, `creator_id`, `id`, `modified`, `modifier_id`, `name`) VALUES (1031216928,14,1,1033922106,14,'Content');
INSERT INTO `ezcontentclassgroup` (`created`, `creator_id`, `id`, `modified`, `modifier_id`, `name`) VALUES (1031216941,14,2,1033922113,14,'Users');
INSERT INTO `ezcontentclassgroup` (`created`, `creator_id`, `id`, `modified`, `modifier_id`, `name`) VALUES (1032009743,14,3,1033922120,14,'Media');

INSERT INTO `ezcontentobject` (`contentclass_id`, `current_version`, `id`, `initial_language_id`, `language_mask`, `modified`, `name`, `owner_id`, `published`, `remote_id`, `section_id`, `status`) VALUES (1,9,1,2,3,1448889046,'eZ Platform',14,1448889046,'9459d3c29e15006e45197295722c7ade',1,1);
INSERT INTO `ezcontentobject` (`contentclass_id`, `current_version`, `id`, `initial_language_id`, `language_mask`, `modified`, `name`, `owner_id`, `published`, `remote_id`, `section_id`, `status`) VALUES (3,1,4,2,3,1033917596,'Users',14,1033917596,'f5c88a2209584891056f987fd965b0ba',2,1);
INSERT INTO `ezcontentobject` (`contentclass_id`, `current_version`, `id`, `initial_language_id`, `language_mask`, `modified`, `name`, `owner_id`, `published`, `remote_id`, `section_id`, `status`) VALUES (4,2,10,2,3,1072180405,'Anonymous User',14,1033920665,'faaeb9be3bd98ed09f606fc16d144eca',2,1);
INSERT INTO `ezcontentobject` (`contentclass_id`, `current_version`, `id`, `initial_language_id`, `language_mask`, `modified`, `name`, `owner_id`, `published`, `remote_id`, `section_id`, `status`) VALUES (3,1,11,2,3,1033920746,'Guest accounts',14,1033920746,'5f7f0bdb3381d6a461d8c29ff53d908f',2,1);
INSERT INTO `ezcontentobject` (`contentclass_id`, `current_version`, `id`, `initial_language_id`, `language_mask`, `modified`, `name`, `owner_id`, `published`, `remote_id`, `section_id`, `status`) VALUES (3,1,12,2,3,1033920775,'Administrator users',14,1033920775,'9b47a45624b023b1a76c73b74d704acf',2,1);
INSERT INTO `ezcontentobject` (`contentclass_id`, `current_version`, `id`, `initial_language_id`, `language_mask`, `modified`, `name`, `owner_id`, `published`, `remote_id`, `section_id`, `status`) VALUES (3,1,13,2,3,1033920794,'Editors',14,1033920794,'3c160cca19fb135f83bd02d911f04db2',2,1);
INSERT INTO `ezcontentobject` (`contentclass_id`, `current_version`, `id`, `initial_language_id`, `language_mask`, `modified`, `name`, `owner_id`, `published`, `remote_id`, `section_id`, `status`) VALUES (4,3,14,2,3,1301062024,'Administrator User',14,1033920830,'1bb4fe25487f05527efa8bfd394cecc7',2,1);
INSERT INTO `ezcontentobject` (`contentclass_id`, `current_version`, `id`, `initial_language_id`, `language_mask`, `modified`, `name`, `owner_id`, `published`, `remote_id`, `section_id`, `status`) VALUES (1,1,41,2,3,1060695457,'Media',14,1060695457,'a6e35cbcb7cd6ae4b691f3eee30cd262',3,1);
INSERT INTO `ezcontentobject` (`contentclass_id`, `current_version`, `id`, `initial_language_id`, `language_mask`, `modified`, `name`, `owner_id`, `published`, `remote_id`, `section_id`, `status`) VALUES (3,1,42,2,3,1072180330,'Anonymous Users',14,1072180330,'15b256dbea2ae72418ff5facc999e8f9',2,1);
INSERT INTO `ezcontentobject` (`contentclass_id`, `current_version`, `id`, `initial_language_id`, `language_mask`, `modified`, `name`, `owner_id`, `published`, `remote_id`, `section_id`, `status`) VALUES (1,1,49,2,3,1080220197,'Images',14,1080220197,'e7ff633c6b8e0fd3531e74c6e712bead',3,1);
INSERT INTO `ezcontentobject` (`contentclass_id`, `current_version`, `id`, `initial_language_id`, `language_mask`, `modified`, `name`, `owner_id`, `published`, `remote_id`, `section_id`, `status`) VALUES (1,1,50,2,3,1080220220,'Files',14,1080220220,'732a5acd01b51a6fe6eab448ad4138a9',3,1);
INSERT INTO `ezcontentobject` (`contentclass_id`, `current_version`, `id`, `initial_language_id`, `language_mask`, `modified`, `name`, `owner_id`, `published`, `remote_id`, `section_id`, `status`) VALUES (1,1,51,2,3,1080220233,'Multimedia',14,1080220233,'09082deb98662a104f325aaa8c4933d3',3,1);

INSERT INTO `ezcontentobject_attribute` (`attribute_original_id`, `contentclassattribute_id`, `contentobject_id`, `data_float`, `data_int`, `data_text`, `data_type_string`, `id`, `language_code`, `language_id`, `sort_key_int`, `sort_key_string`, `version`) VALUES (0,4,1,NULL,NULL,'Welcome to eZ Platform','ezstring',1,'eng-GB',3,0,'welcome to ez platform',9);
INSERT INTO `ezcontentobject_attribute` (`attribute_original_id`, `contentclassattribute_id`, `contentobject_id`, `data_float`, `data_int`, `data_text`, `data_type_string`, `id`, `language_code`, `language_id`, `sort_key_int`, `sort_key_string`, `version`) VALUES (0,119,1,NULL,NULL,'<?xml version=\"1.0\" encoding=\"UTF-8\"?>\n<section xmlns=\"http://docbook.org/ns/docbook\" xmlns:xlink=\"http://www.w3.org/1999/xlink\" xmlns:ezxhtml=\"http://ez.no/xmlns/ezpublish/docbook/xhtml\" xmlns:ezcustom=\"http://ez.no/xmlns/ezpublish/docbook/custom\" version=\"5.0-variant ezpublish-1.0\"><para>This is the clean install coming with eZ Platform. It’s a barebone setup of the platform, an excellent foundation to build upon if you want to build from scratch. For more ready to go base designs or demo sites, please check the documentation.</para></section>\n','ezrichtext',2,'eng-GB',3,0,'',9);
INSERT INTO `ezcontentobject_attribute` (`attribute_original_id`, `contentclassattribute_id`, `contentobject_id`, `data_float`, `data_int`, `data_text`, `data_type_string`, `id`, `language_code`, `language_id`, `sort_key_int`, `sort_key_string`, `version`) VALUES (0,7,4,NULL,NULL,'Main group','ezstring',7,'eng-GB',3,0,'',1);
INSERT INTO `ezcontentobject_attribute` (`attribute_original_id`, `contentclassattribute_id`, `contentobject_id`, `data_float`, `data_int`, `data_text`, `data_type_string`, `id`, `language_code`, `language_id`, `sort_key_int`, `sort_key_string`, `version`) VALUES (0,6,4,NULL,NULL,'Users','ezstring',8,'eng-GB',3,0,'',1);
INSERT INTO `ezcontentobject_attribute` (`attribute_original_id`, `contentclassattribute_id`, `contentobject_id`, `data_float`, `data_int`, `data_text`, `data_type_string`, `id`, `language_code`, `language_id`, `sort_key_int`, `sort_key_string`, `version`) VALUES (0,8,10,0,0,'Anonymous','ezstring',19,'eng-GB',3,0,'anonymous',2);
INSERT INTO `ezcontentobject_attribute` (`attribute_original_id`, `contentclassattribute_id`, `contentobject_id`, `data_float`, `data_int`, `data_text`, `data_type_string`, `id`, `language_code`, `language_id`, `sort_key_int`, `sort_key_string`, `version`) VALUES (0,9,10,0,0,'User','ezstring',20,'eng-GB',3,0,'user',2);
INSERT INTO `ezcontentobject_attribute` (`attribute_original_id`, `contentclassattribute_id`, `contentobject_id`, `data_float`, `data_int`, `data_text`, `data_type_string`, `id`, `language_code`, `language_id`, `sort_key_int`, `sort_key_string`, `version`) VALUES (0,12,10,0,0,'','ezuser',21,'eng-GB',3,0,'',2);
INSERT INTO `ezcontentobject_attribute` (`attribute_original_id`, `contentclassattribute_id`, `contentobject_id`, `data_float`, `data_int`, `data_text`, `data_type_string`, `id`, `language_code`, `language_id`, `sort_key_int`, `sort_key_string`, `version`) VALUES (0,6,11,0,0,'Guest accounts','ezstring',22,'eng-GB',3,0,'',1);
INSERT INTO `ezcontentobject_attribute` (`attribute_original_id`, `contentclassattribute_id`, `contentobject_id`, `data_float`, `data_int`, `data_text`, `data_type_string`, `id`, `language_code`, `language_id`, `sort_key_int`, `sort_key_string`, `version`) VALUES (0,7,11,0,0,'','ezstring',23,'eng-GB',3,0,'',1);
INSERT INTO `ezcontentobject_attribute` (`attribute_original_id`, `contentclassattribute_id`, `contentobject_id`, `data_float`, `data_int`, `data_text`, `data_type_string`, `id`, `language_code`, `language_id`, `sort_key_int`, `sort_key_string`, `version`) VALUES (0,6,12,0,0,'Administrator users','ezstring',24,'eng-GB',3,0,'',1);
INSERT INTO `ezcontentobject_attribute` (`attribute_original_id`, `contentclassattribute_id`, `contentobject_id`, `data_float`, `data_int`, `data_text`, `data_type_string`, `id`, `language_code`, `language_id`, `sort_key_int`, `sort_key_string`, `version`) VALUES (0,7,12,0,0,'','ezstring',25,'eng-GB',3,0,'',1);
INSERT INTO `ezcontentobject_attribute` (`attribute_original_id`, `contentclassattribute_id`, `contentobject_id`, `data_float`, `data_int`, `data_text`, `data_type_string`, `id`, `language_code`, `language_id`, `sort_key_int`, `sort_key_string`, `version`) VALUES (0,6,13,0,0,'Editors','ezstring',26,'eng-GB',3,0,'',1);
INSERT INTO `ezcontentobject_attribute` (`attribute_original_id`, `contentclassattribute_id`, `contentobject_id`, `data_float`, `data_int`, `data_text`, `data_type_string`, `id`, `language_code`, `language_id`, `sort_key_int`, `sort_key_string`, `version`) VALUES (0,7,13,0,0,'','ezstring',27,'eng-GB',3,0,'',1);
INSERT INTO `ezcontentobject_attribute` (`attribute_original_id`, `contentclassattribute_id`, `contentobject_id`, `data_float`, `data_int`, `data_text`, `data_type_string`, `id`, `language_code`, `language_id`, `sort_key_int`, `sort_key_string`, `version`) VALUES (0,8,14,0,0,'Administrator','ezstring',28,'eng-GB',3,0,'administrator',3);
INSERT INTO `ezcontentobject_attribute` (`attribute_original_id`, `contentclassattribute_id`, `contentobject_id`, `data_float`, `data_int`, `data_text`, `data_type_string`, `id`, `language_code`, `language_id`, `sort_key_int`, `sort_key_string`, `version`) VALUES (0,9,14,0,0,'User','ezstring',29,'eng-GB',3,0,'user',3);
INSERT INTO `ezcontentobject_attribute` (`attribute_original_id`, `contentclassattribute_id`, `contentobject_id`, `data_float`, `data_int`, `data_text`, `data_type_string`, `id`, `language_code`, `language_id`, `sort_key_int`, `sort_key_string`, `version`) VALUES (30,12,14,0,0,'','ezuser',30,'eng-GB',3,0,'',3);
INSERT INTO `ezcontentobject_attribute` (`attribute_original_id`, `contentclassattribute_id`, `contentobject_id`, `data_float`, `data_int`, `data_text`, `data_type_string`, `id`, `language_code`, `language_id`, `sort_key_int`, `sort_key_string`, `version`) VALUES (0,4,41,0,0,'Media','ezstring',98,'eng-GB',3,0,'',1);
INSERT INTO `ezcontentobject_attribute` (`attribute_original_id`, `contentclassattribute_id`, `contentobject_id`, `data_float`, `data_int`, `data_text`, `data_type_string`, `id`, `language_code`, `language_id`, `sort_key_int`, `sort_key_string`, `version`) VALUES (0,119,41,0,1045487555,'<?xml version=\"1.0\" encoding=\"UTF-8\"?>\n<section xmlns=\"http://docbook.org/ns/docbook\" xmlns:xlink=\"http://www.w3.org/1999/xlink\" xmlns:ezxhtml=\"http://ez.no/xmlns/ezpublish/docbook/xhtml\" xmlns:ezcustom=\"http://ez.no/xmlns/ezpublish/docbook/custom\" version=\"5.0-variant ezpublish-1.0\"/>\n','ezrichtext',99,'eng-GB',3,0,'',1);
INSERT INTO `ezcontentobject_attribute` (`attribute_original_id`, `contentclassattribute_id`, `contentobject_id`, `data_float`, `data_int`, `data_text`, `data_type_string`, `id`, `language_code`, `language_id`, `sort_key_int`, `sort_key_string`, `version`) VALUES (0,6,42,0,0,'Anonymous Users','ezstring',100,'eng-GB',3,0,'anonymous users',1);
INSERT INTO `ezcontentobject_attribute` (`attribute_original_id`, `contentclassattribute_id`, `contentobject_id`, `data_float`, `data_int`, `data_text`, `data_type_string`, `id`, `language_code`, `language_id`, `sort_key_int`, `sort_key_string`, `version`) VALUES (0,7,42,0,0,'User group for the anonymous user','ezstring',101,'eng-GB',3,0,'user group for the anonymous user',1);
INSERT INTO `ezcontentobject_attribute` (`attribute_original_id`, `contentclassattribute_id`, `contentobject_id`, `data_float`, `data_int`, `data_text`, `data_type_string`, `id`, `language_code`, `language_id`, `sort_key_int`, `sort_key_string`, `version`) VALUES (0,155,1,NULL,NULL,'eZ Platform','ezstring',102,'eng-GB',3,0,'ez platform',9);
INSERT INTO `ezcontentobject_attribute` (`attribute_original_id`, `contentclassattribute_id`, `contentobject_id`, `data_float`, `data_int`, `data_text`, `data_type_string`, `id`, `language_code`, `language_id`, `sort_key_int`, `sort_key_string`, `version`) VALUES (0,155,41,0,0,'','ezstring',103,'eng-GB',3,0,'',1);
INSERT INTO `ezcontentobject_attribute` (`attribute_original_id`, `contentclassattribute_id`, `contentobject_id`, `data_float`, `data_int`, `data_text`, `data_type_string`, `id`, `language_code`, `language_id`, `sort_key_int`, `sort_key_string`, `version`) VALUES (0,156,1,NULL,NULL,'<?xml version=\"1.0\" encoding=\"UTF-8\"?>\n<section xmlns=\"http://docbook.org/ns/docbook\" xmlns:xlink=\"http://www.w3.org/1999/xlink\" xmlns:ezxhtml=\"http://ez.no/xmlns/ezpublish/docbook/xhtml\" xmlns:ezcustom=\"http://ez.no/xmlns/ezpublish/docbook/custom\" version=\"5.0-variant ezpublish-1.0\"><title ezxhtml:level=\"2\">Welcome to eZ Platform</title><para>Congratulations, you just installed eZ Platform. eZ Platform is the new generation Content Management Platform from eZ Systems and the eZ Community replacing eZ Publish, our previous software.</para><title ezxhtml:level=\"3\">Need some guidance?</title><para>Check out the following resources:</para><title ezxhtml:level=\"4\"><link xlink:href=\"ezurl://23\" xlink:show=\"none\">User Manual</link> for eZ Platform (and eZ Studio)</title><title ezxhtml:level=\"4\"><link xlink:href=\"ezurl://24\" xlink:show=\"none\">Technical doc</link> for eZ Platform</title><title ezxhtml:level=\"4\"><link xlink:href=\"ezurl://25\" xlink:show=\"none\">eZ Platform</link> developer tutorial</title><title ezxhtml:level=\"4\"><link xlink:href=\"ezurl://26\" xlink:show=\"none\">Comparison guide</link> between eZ Platform and eZ Publish Platform</title><title ezxhtml:level=\"3\">Contribute to the project?</title><para>Join the community:</para><title ezxhtml:level=\"4\"><link xlink:href=\"ezurl://27\" xlink:show=\"none\">Github repositories</link> open to the public</title><title ezxhtml:level=\"4\">Register to the community on <link xlink:href=\"ezurl://28\" xlink:show=\"none\">discuss.ezplatform.com</link>, the community site, to access forums, tutorials and blogs</title><title ezxhtml:level=\"4\">Join the conversation on <link xlink:href=\"ezurl://29\" xlink:show=\"none\">the eZ Community Slack</link></title><para>Good luck!</para></section>\n','ezrichtext',104,'eng-GB',3,0,'',9);
INSERT INTO `ezcontentobject_attribute` (`attribute_original_id`, `contentclassattribute_id`, `contentobject_id`, `data_float`, `data_int`, `data_text`, `data_type_string`, `id`, `language_code`, `language_id`, `sort_key_int`, `sort_key_string`, `version`) VALUES (0,156,41,0,1045487555,'<?xml version=\"1.0\" encoding=\"UTF-8\"?>\n<section xmlns=\"http://docbook.org/ns/docbook\" xmlns:xlink=\"http://www.w3.org/1999/xlink\" xmlns:ezxhtml=\"http://ez.no/xmlns/ezpublish/docbook/xhtml\" xmlns:ezcustom=\"http://ez.no/xmlns/ezpublish/docbook/custom\" version=\"5.0-variant ezpublish-1.0\"/>\n','ezrichtext',105,'eng-GB',3,0,'',1);
INSERT INTO `ezcontentobject_attribute` (`attribute_original_id`, `contentclassattribute_id`, `contentobject_id`, `data_float`, `data_int`, `data_text`, `data_type_string`, `id`, `language_code`, `language_id`, `sort_key_int`, `sort_key_string`, `version`) VALUES (0,4,49,0,0,'Images','ezstring',142,'eng-GB',3,0,'images',1);
INSERT INTO `ezcontentobject_attribute` (`attribute_original_id`, `contentclassattribute_id`, `contentobject_id`, `data_float`, `data_int`, `data_text`, `data_type_string`, `id`, `language_code`, `language_id`, `sort_key_int`, `sort_key_string`, `version`) VALUES (0,155,49,0,0,'','ezstring',143,'eng-GB',3,0,'',1);
INSERT INTO `ezcontentobject_attribute` (`attribute_original_id`, `contentclassattribute_id`, `contentobject_id`, `data_float`, `data_int`, `data_text`, `data_type_string`, `id`, `language_code`, `language_id`, `sort_key_int`, `sort_key_string`, `version`) VALUES (0,119,49,0,1045487555,'<?xml version=\"1.0\" encoding=\"UTF-8\"?>\n<section xmlns=\"http://docbook.org/ns/docbook\" xmlns:xlink=\"http://www.w3.org/1999/xlink\" xmlns:ezxhtml=\"http://ez.no/xmlns/ezpublish/docbook/xhtml\" xmlns:ezcustom=\"http://ez.no/xmlns/ezpublish/docbook/custom\" version=\"5.0-variant ezpublish-1.0\"/>\n','ezrichtext',144,'eng-GB',3,0,'',1);
INSERT INTO `ezcontentobject_attribute` (`attribute_original_id`, `contentclassattribute_id`, `contentobject_id`, `data_float`, `data_int`, `data_text`, `data_type_string`, `id`, `language_code`, `language_id`, `sort_key_int`, `sort_key_string`, `version`) VALUES (0,156,49,0,1045487555,'<?xml version=\"1.0\" encoding=\"UTF-8\"?>\n<section xmlns=\"http://docbook.org/ns/docbook\" xmlns:xlink=\"http://www.w3.org/1999/xlink\" xmlns:ezxhtml=\"http://ez.no/xmlns/ezpublish/docbook/xhtml\" xmlns:ezcustom=\"http://ez.no/xmlns/ezpublish/docbook/custom\" version=\"5.0-variant ezpublish-1.0\"/>\n','ezrichtext',145,'eng-GB',3,0,'',1);
INSERT INTO `ezcontentobject_attribute` (`attribute_original_id`, `contentclassattribute_id`, `contentobject_id`, `data_float`, `data_int`, `data_text`, `data_type_string`, `id`, `language_code`, `language_id`, `sort_key_int`, `sort_key_string`, `version`) VALUES (0,4,50,0,0,'Files','ezstring',147,'eng-GB',3,0,'files',1);
INSERT INTO `ezcontentobject_attribute` (`attribute_original_id`, `contentclassattribute_id`, `contentobject_id`, `data_float`, `data_int`, `data_text`, `data_type_string`, `id`, `language_code`, `language_id`, `sort_key_int`, `sort_key_string`, `version`) VALUES (0,155,50,0,0,'','ezstring',148,'eng-GB',3,0,'',1);
INSERT INTO `ezcontentobject_attribute` (`attribute_original_id`, `contentclassattribute_id`, `contentobject_id`, `data_float`, `data_int`, `data_text`, `data_type_string`, `id`, `language_code`, `language_id`, `sort_key_int`, `sort_key_string`, `version`) VALUES (0,119,50,0,1045487555,'<?xml version=\"1.0\" encoding=\"UTF-8\"?>\n<section xmlns=\"http://docbook.org/ns/docbook\" xmlns:xlink=\"http://www.w3.org/1999/xlink\" xmlns:ezxhtml=\"http://ez.no/xmlns/ezpublish/docbook/xhtml\" xmlns:ezcustom=\"http://ez.no/xmlns/ezpublish/docbook/custom\" version=\"5.0-variant ezpublish-1.0\"/>\n','ezrichtext',149,'eng-GB',3,0,'',1);
INSERT INTO `ezcontentobject_attribute` (`attribute_original_id`, `contentclassattribute_id`, `contentobject_id`, `data_float`, `data_int`, `data_text`, `data_type_string`, `id`, `language_code`, `language_id`, `sort_key_int`, `sort_key_string`, `version`) VALUES (0,156,50,0,1045487555,'<?xml version=\"1.0\" encoding=\"UTF-8\"?>\n<section xmlns=\"http://docbook.org/ns/docbook\" xmlns:xlink=\"http://www.w3.org/1999/xlink\" xmlns:ezxhtml=\"http://ez.no/xmlns/ezpublish/docbook/xhtml\" xmlns:ezcustom=\"http://ez.no/xmlns/ezpublish/docbook/custom\" version=\"5.0-variant ezpublish-1.0\"/>\n','ezrichtext',150,'eng-GB',3,0,'',1);
INSERT INTO `ezcontentobject_attribute` (`attribute_original_id`, `contentclassattribute_id`, `contentobject_id`, `data_float`, `data_int`, `data_text`, `data_type_string`, `id`, `language_code`, `language_id`, `sort_key_int`, `sort_key_string`, `version`) VALUES (0,4,51,0,0,'Multimedia','ezstring',152,'eng-GB',3,0,'multimedia',1);
INSERT INTO `ezcontentobject_attribute` (`attribute_original_id`, `contentclassattribute_id`, `contentobject_id`, `data_float`, `data_int`, `data_text`, `data_type_string`, `id`, `language_code`, `language_id`, `sort_key_int`, `sort_key_string`, `version`) VALUES (0,155,51,0,0,'','ezstring',153,'eng-GB',3,0,'',1);
INSERT INTO `ezcontentobject_attribute` (`attribute_original_id`, `contentclassattribute_id`, `contentobject_id`, `data_float`, `data_int`, `data_text`, `data_type_string`, `id`, `language_code`, `language_id`, `sort_key_int`, `sort_key_string`, `version`) VALUES (0,119,51,0,1045487555,'<?xml version=\"1.0\" encoding=\"UTF-8\"?>\n<section xmlns=\"http://docbook.org/ns/docbook\" xmlns:xlink=\"http://www.w3.org/1999/xlink\" xmlns:ezxhtml=\"http://ez.no/xmlns/ezpublish/docbook/xhtml\" xmlns:ezcustom=\"http://ez.no/xmlns/ezpublish/docbook/custom\" version=\"5.0-variant ezpublish-1.0\"/>\n','ezrichtext',154,'eng-GB',3,0,'',1);
INSERT INTO `ezcontentobject_attribute` (`attribute_original_id`, `contentclassattribute_id`, `contentobject_id`, `data_float`, `data_int`, `data_text`, `data_type_string`, `id`, `language_code`, `language_id`, `sort_key_int`, `sort_key_string`, `version`) VALUES (0,156,51,0,1045487555,'<?xml version=\"1.0\" encoding=\"UTF-8\"?>\n<section xmlns=\"http://docbook.org/ns/docbook\" xmlns:xlink=\"http://www.w3.org/1999/xlink\" xmlns:ezxhtml=\"http://ez.no/xmlns/ezpublish/docbook/xhtml\" xmlns:ezcustom=\"http://ez.no/xmlns/ezpublish/docbook/custom\" version=\"5.0-variant ezpublish-1.0\"/>\n','ezrichtext',155,'eng-GB',3,0,'',1);
INSERT INTO `ezcontentobject_attribute` (`attribute_original_id`, `contentclassattribute_id`, `contentobject_id`, `data_float`, `data_int`, `data_text`, `data_type_string`, `id`, `language_code`, `language_id`, `sort_key_int`, `sort_key_string`, `version`) VALUES (0,179,10,0,0,'','eztext',177,'eng-GB',3,0,'',2);
INSERT INTO `ezcontentobject_attribute` (`attribute_original_id`, `contentclassattribute_id`, `contentobject_id`, `data_float`, `data_int`, `data_text`, `data_type_string`, `id`, `language_code`, `language_id`, `sort_key_int`, `sort_key_string`, `version`) VALUES (0,179,14,0,0,'','eztext',178,'eng-GB',3,0,'',3);
INSERT INTO `ezcontentobject_attribute` (`attribute_original_id`, `contentclassattribute_id`, `contentobject_id`, `data_float`, `data_int`, `data_text`, `data_type_string`, `id`, `language_code`, `language_id`, `sort_key_int`, `sort_key_string`, `version`) VALUES (0,180,10,0,0,'','ezimage',179,'eng-GB',3,0,'',2);
INSERT INTO `ezcontentobject_attribute` (`attribute_original_id`, `contentclassattribute_id`, `contentobject_id`, `data_float`, `data_int`, `data_text`, `data_type_string`, `id`, `language_code`, `language_id`, `sort_key_int`, `sort_key_string`, `version`) VALUES (0,180,14,0,0,'<?xml version=\"1.0\" encoding=\"utf-8\"?>\n<ezimage serial_number=\"1\" is_valid=\"\" filename=\"\" suffix=\"\" basename=\"\" dirpath=\"\" url=\"\" original_filename=\"\" mime_type=\"\" width=\"\" height=\"\" alternative_text=\"\" alias_key=\"1293033771\" timestamp=\"1301057722\"><original attribute_id=\"180\" attribute_version=\"3\" attribute_language=\"eng-GB\"/></ezimage>\n','ezimage',180,'eng-GB',3,0,'',3);

INSERT INTO `ezcontentobject_name` (`content_translation`, `content_version`, `contentobject_id`, `language_id`, `name`, `real_translation`) VALUES ('eng-GB',9,1,2,'eZ Platform','eng-GB');
INSERT INTO `ezcontentobject_name` (`content_translation`, `content_version`, `contentobject_id`, `language_id`, `name`, `real_translation`) VALUES ('eng-GB',1,4,3,'Users','eng-GB');
INSERT INTO `ezcontentobject_name` (`content_translation`, `content_version`, `contentobject_id`, `language_id`, `name`, `real_translation`) VALUES ('eng-GB',2,10,3,'Anonymous User','eng-GB');
INSERT INTO `ezcontentobject_name` (`content_translation`, `content_version`, `contentobject_id`, `language_id`, `name`, `real_translation`) VALUES ('eng-GB',1,11,3,'Guest accounts','eng-GB');
INSERT INTO `ezcontentobject_name` (`content_translation`, `content_version`, `contentobject_id`, `language_id`, `name`, `real_translation`) VALUES ('eng-GB',1,12,3,'Administrator users','eng-GB');
INSERT INTO `ezcontentobject_name` (`content_translation`, `content_version`, `contentobject_id`, `language_id`, `name`, `real_translation`) VALUES ('eng-GB',1,13,3,'Editors','eng-GB');
INSERT INTO `ezcontentobject_name` (`content_translation`, `content_version`, `contentobject_id`, `language_id`, `name`, `real_translation`) VALUES ('eng-GB',3,14,3,'Administrator User','eng-GB');
INSERT INTO `ezcontentobject_name` (`content_translation`, `content_version`, `contentobject_id`, `language_id`, `name`, `real_translation`) VALUES ('eng-GB',1,41,3,'Media','eng-GB');
INSERT INTO `ezcontentobject_name` (`content_translation`, `content_version`, `contentobject_id`, `language_id`, `name`, `real_translation`) VALUES ('eng-GB',1,42,3,'Anonymous Users','eng-GB');
INSERT INTO `ezcontentobject_name` (`content_translation`, `content_version`, `contentobject_id`, `language_id`, `name`, `real_translation`) VALUES ('eng-GB',1,49,3,'Images','eng-GB');
INSERT INTO `ezcontentobject_name` (`content_translation`, `content_version`, `contentobject_id`, `language_id`, `name`, `real_translation`) VALUES ('eng-GB',1,50,3,'Files','eng-GB');
INSERT INTO `ezcontentobject_name` (`content_translation`, `content_version`, `contentobject_id`, `language_id`, `name`, `real_translation`) VALUES ('eng-GB',1,51,3,'Multimedia','eng-GB');

INSERT INTO `ezcontentobject_tree` (`contentobject_id`, `contentobject_is_published`, `contentobject_version`, `depth`, `is_hidden`, `is_invisible`, `main_node_id`, `modified_subnode`, `node_id`, `parent_node_id`, `path_identification_string`, `path_string`, `priority`, `remote_id`, `sort_field`, `sort_order`) VALUES (0,1,1,0,0,0,1,1448999778,1,1,'','/1/',0,'629709ba256fe317c3ddcee35453a96a',1,1);
INSERT INTO `ezcontentobject_tree` (`contentobject_id`, `contentobject_is_published`, `contentobject_version`, `depth`, `is_hidden`, `is_invisible`, `main_node_id`, `modified_subnode`, `node_id`, `parent_node_id`, `path_identification_string`, `path_string`, `priority`, `remote_id`, `sort_field`, `sort_order`) VALUES (1,1,9,1,0,0,2,1301073466,2,1,'node_2','/1/2/',0,'f3e90596361e31d496d4026eb624c983',8,1);
INSERT INTO `ezcontentobject_tree` (`contentobject_id`, `contentobject_is_published`, `contentobject_version`, `depth`, `is_hidden`, `is_invisible`, `main_node_id`, `modified_subnode`, `node_id`, `parent_node_id`, `path_identification_string`, `path_string`, `priority`, `remote_id`, `sort_field`, `sort_order`) VALUES (4,1,1,1,0,0,5,1301062024,5,1,'users','/1/5/',0,'3f6d92f8044aed134f32153517850f5a',1,1);
INSERT INTO `ezcontentobject_tree` (`contentobject_id`, `contentobject_is_published`, `contentobject_version`, `depth`, `is_hidden`, `is_invisible`, `main_node_id`, `modified_subnode`, `node_id`, `parent_node_id`, `path_identification_string`, `path_string`, `priority`, `remote_id`, `sort_field`, `sort_order`) VALUES (11,1,1,2,0,0,12,1081860719,12,5,'users/guest_accounts','/1/5/12/',0,'602dcf84765e56b7f999eaafd3821dd3',1,1);
INSERT INTO `ezcontentobject_tree` (`contentobject_id`, `contentobject_is_published`, `contentobject_version`, `depth`, `is_hidden`, `is_invisible`, `main_node_id`, `modified_subnode`, `node_id`, `parent_node_id`, `path_identification_string`, `path_string`, `priority`, `remote_id`, `sort_field`, `sort_order`) VALUES (12,1,1,2,0,0,13,1301062024,13,5,'users/administrator_users','/1/5/13/',0,'769380b7aa94541679167eab817ca893',1,1);
INSERT INTO `ezcontentobject_tree` (`contentobject_id`, `contentobject_is_published`, `contentobject_version`, `depth`, `is_hidden`, `is_invisible`, `main_node_id`, `modified_subnode`, `node_id`, `parent_node_id`, `path_identification_string`, `path_string`, `priority`, `remote_id`, `sort_field`, `sort_order`) VALUES (13,1,1,2,0,0,14,1081860719,14,5,'users/editors','/1/5/14/',0,'f7dda2854fc68f7c8455d9cb14bd04a9',1,1);
INSERT INTO `ezcontentobject_tree` (`contentobject_id`, `contentobject_is_published`, `contentobject_version`, `depth`, `is_hidden`, `is_invisible`, `main_node_id`, `modified_subnode`, `node_id`, `parent_node_id`, `path_identification_string`, `path_string`, `priority`, `remote_id`, `sort_field`, `sort_order`) VALUES (14,1,3,3,0,0,15,1301062024,15,13,'users/administrator_users/administrator_user','/1/5/13/15/',0,'e5161a99f733200b9ed4e80f9c16187b',1,1);
INSERT INTO `ezcontentobject_tree` (`contentobject_id`, `contentobject_is_published`, `contentobject_version`, `depth`, `is_hidden`, `is_invisible`, `main_node_id`, `modified_subnode`, `node_id`, `parent_node_id`, `path_identification_string`, `path_string`, `priority`, `remote_id`, `sort_field`, `sort_order`) VALUES (41,1,1,1,0,0,43,1081860720,43,1,'media','/1/43/',0,'75c715a51699d2d309a924eca6a95145',9,1);
INSERT INTO `ezcontentobject_tree` (`contentobject_id`, `contentobject_is_published`, `contentobject_version`, `depth`, `is_hidden`, `is_invisible`, `main_node_id`, `modified_subnode`, `node_id`, `parent_node_id`, `path_identification_string`, `path_string`, `priority`, `remote_id`, `sort_field`, `sort_order`) VALUES (42,1,1,2,0,0,44,1081860719,44,5,'users/anonymous_users','/1/5/44/',0,'4fdf0072da953bb276c0c7e0141c5c9b',9,1);
INSERT INTO `ezcontentobject_tree` (`contentobject_id`, `contentobject_is_published`, `contentobject_version`, `depth`, `is_hidden`, `is_invisible`, `main_node_id`, `modified_subnode`, `node_id`, `parent_node_id`, `path_identification_string`, `path_string`, `priority`, `remote_id`, `sort_field`, `sort_order`) VALUES (10,1,2,3,0,0,45,1081860719,45,44,'users/anonymous_users/anonymous_user','/1/5/44/45/',0,'2cf8343bee7b482bab82b269d8fecd76',9,1);
INSERT INTO `ezcontentobject_tree` (`contentobject_id`, `contentobject_is_published`, `contentobject_version`, `depth`, `is_hidden`, `is_invisible`, `main_node_id`, `modified_subnode`, `node_id`, `parent_node_id`, `path_identification_string`, `path_string`, `priority`, `remote_id`, `sort_field`, `sort_order`) VALUES (49,1,1,2,0,0,51,1081860720,51,43,'media/images','/1/43/51/',0,'1b26c0454b09bb49dfb1b9190ffd67cb',9,1);
INSERT INTO `ezcontentobject_tree` (`contentobject_id`, `contentobject_is_published`, `contentobject_version`, `depth`, `is_hidden`, `is_invisible`, `main_node_id`, `modified_subnode`, `node_id`, `parent_node_id`, `path_identification_string`, `path_string`, `priority`, `remote_id`, `sort_field`, `sort_order`) VALUES (50,1,1,2,0,0,52,1081860720,52,43,'media/files','/1/43/52/',0,'0b113a208f7890f9ad3c24444ff5988c',9,1);
INSERT INTO `ezcontentobject_tree` (`contentobject_id`, `contentobject_is_published`, `contentobject_version`, `depth`, `is_hidden`, `is_invisible`, `main_node_id`, `modified_subnode`, `node_id`, `parent_node_id`, `path_identification_string`, `path_string`, `priority`, `remote_id`, `sort_field`, `sort_order`) VALUES (51,1,1,2,0,0,53,1081860720,53,43,'media/multimedia','/1/43/53/',0,'4f18b82c75f10aad476cae5adf98c11f',9,1);

INSERT INTO `ezcontentobject_version` (`contentobject_id`, `created`, `creator_id`, `id`, `initial_language_id`, `language_mask`, `modified`, `status`, `user_id`, `version`, `workflow_event_pos`) VALUES (4,0,14,4,2,3,0,1,0,1,1);
INSERT INTO `ezcontentobject_version` (`contentobject_id`, `created`, `creator_id`, `id`, `initial_language_id`, `language_mask`, `modified`, `status`, `user_id`, `version`, `workflow_event_pos`) VALUES (11,1033920737,14,439,2,3,1033920746,1,0,1,0);
INSERT INTO `ezcontentobject_version` (`contentobject_id`, `created`, `creator_id`, `id`, `initial_language_id`, `language_mask`, `modified`, `status`, `user_id`, `version`, `workflow_event_pos`) VALUES (12,1033920760,14,440,2,3,1033920775,1,0,1,0);
INSERT INTO `ezcontentobject_version` (`contentobject_id`, `created`, `creator_id`, `id`, `initial_language_id`, `language_mask`, `modified`, `status`, `user_id`, `version`, `workflow_event_pos`) VALUES (13,1033920786,14,441,2,3,1033920794,1,0,1,0);
INSERT INTO `ezcontentobject_version` (`contentobject_id`, `created`, `creator_id`, `id`, `initial_language_id`, `language_mask`, `modified`, `status`, `user_id`, `version`, `workflow_event_pos`) VALUES (41,1060695450,14,472,2,3,1060695457,1,0,1,0);
INSERT INTO `ezcontentobject_version` (`contentobject_id`, `created`, `creator_id`, `id`, `initial_language_id`, `language_mask`, `modified`, `status`, `user_id`, `version`, `workflow_event_pos`) VALUES (42,1072180278,14,473,2,3,1072180330,1,0,1,0);
INSERT INTO `ezcontentobject_version` (`contentobject_id`, `created`, `creator_id`, `id`, `initial_language_id`, `language_mask`, `modified`, `status`, `user_id`, `version`, `workflow_event_pos`) VALUES (10,1072180337,14,474,2,3,1072180405,1,0,2,0);
INSERT INTO `ezcontentobject_version` (`contentobject_id`, `created`, `creator_id`, `id`, `initial_language_id`, `language_mask`, `modified`, `status`, `user_id`, `version`, `workflow_event_pos`) VALUES (49,1080220181,14,488,2,3,1080220197,1,0,1,0);
INSERT INTO `ezcontentobject_version` (`contentobject_id`, `created`, `creator_id`, `id`, `initial_language_id`, `language_mask`, `modified`, `status`, `user_id`, `version`, `workflow_event_pos`) VALUES (50,1080220211,14,489,2,3,1080220220,1,0,1,0);
INSERT INTO `ezcontentobject_version` (`contentobject_id`, `created`, `creator_id`, `id`, `initial_language_id`, `language_mask`, `modified`, `status`, `user_id`, `version`, `workflow_event_pos`) VALUES (51,1080220225,14,490,2,3,1080220233,1,0,1,0);
INSERT INTO `ezcontentobject_version` (`contentobject_id`, `created`, `creator_id`, `id`, `initial_language_id`, `language_mask`, `modified`, `status`, `user_id`, `version`, `workflow_event_pos`) VALUES (14,1301061783,14,499,2,3,1301062024,1,0,3,0);
INSERT INTO `ezcontentobject_version` (`contentobject_id`, `created`, `creator_id`, `id`, `initial_language_id`, `language_mask`, `modified`, `status`, `user_id`, `version`, `workflow_event_pos`) VALUES (1,1448889045,14,506,2,3,1448889046,1,0,9,0);

INSERT INTO `eznode_assignment` (`contentobject_id`, `contentobject_version`, `from_node_id`, `id`, `is_main`, `op_code`, `parent_node`, `parent_remote_id`, `remote_id`, `sort_field`, `sort_order`, `priority`, `is_hidden`) VALUES (8,2,0,4,1,2,5,'','0',1,1,0,0);
INSERT INTO `eznode_assignment` (`contentobject_id`, `contentobject_version`, `from_node_id`, `id`, `is_main`, `op_code`, `parent_node`, `parent_remote_id`, `remote_id`, `sort_field`, `sort_order`, `priority`, `is_hidden`) VALUES (42,1,0,5,1,2,5,'','0',9,1,0,0);
INSERT INTO `eznode_assignment` (`contentobject_id`, `contentobject_version`, `from_node_id`, `id`, `is_main`, `op_code`, `parent_node`, `parent_remote_id`, `remote_id`, `sort_field`, `sort_order`, `priority`, `is_hidden`) VALUES (10,2,-1,6,1,2,44,'','0',9,1,0,0);
INSERT INTO `eznode_assignment` (`contentobject_id`, `contentobject_version`, `from_node_id`, `id`, `is_main`, `op_code`, `parent_node`, `parent_remote_id`, `remote_id`, `sort_field`, `sort_order`, `priority`, `is_hidden`) VALUES (4,1,0,7,1,2,1,'','0',1,1,0,0);
INSERT INTO `eznode_assignment` (`contentobject_id`, `contentobject_version`, `from_node_id`, `id`, `is_main`, `op_code`, `parent_node`, `parent_remote_id`, `remote_id`, `sort_field`, `sort_order`, `priority`, `is_hidden`) VALUES (12,1,0,8,1,2,5,'','0',1,1,0,0);
INSERT INTO `eznode_assignment` (`contentobject_id`, `contentobject_version`, `from_node_id`, `id`, `is_main`, `op_code`, `parent_node`, `parent_remote_id`, `remote_id`, `sort_field`, `sort_order`, `priority`, `is_hidden`) VALUES (13,1,0,9,1,2,5,'','0',1,1,0,0);
INSERT INTO `eznode_assignment` (`contentobject_id`, `contentobject_version`, `from_node_id`, `id`, `is_main`, `op_code`, `parent_node`, `parent_remote_id`, `remote_id`, `sort_field`, `sort_order`, `priority`, `is_hidden`) VALUES (41,1,0,11,1,2,1,'','0',1,1,0,0);
INSERT INTO `eznode_assignment` (`contentobject_id`, `contentobject_version`, `from_node_id`, `id`, `is_main`, `op_code`, `parent_node`, `parent_remote_id`, `remote_id`, `sort_field`, `sort_order`, `priority`, `is_hidden`) VALUES (11,1,0,12,1,2,5,'','0',1,1,0,0);
INSERT INTO `eznode_assignment` (`contentobject_id`, `contentobject_version`, `from_node_id`, `id`, `is_main`, `op_code`, `parent_node`, `parent_remote_id`, `remote_id`, `sort_field`, `sort_order`, `priority`, `is_hidden`) VALUES (49,1,0,27,1,2,43,'','0',9,1,0,0);
INSERT INTO `eznode_assignment` (`contentobject_id`, `contentobject_version`, `from_node_id`, `id`, `is_main`, `op_code`, `parent_node`, `parent_remote_id`, `remote_id`, `sort_field`, `sort_order`, `priority`, `is_hidden`) VALUES (50,1,0,28,1,2,43,'','0',9,1,0,0);
INSERT INTO `eznode_assignment` (`contentobject_id`, `contentobject_version`, `from_node_id`, `id`, `is_main`, `op_code`, `parent_node`, `parent_remote_id`, `remote_id`, `sort_field`, `sort_order`, `priority`, `is_hidden`) VALUES (51,1,0,29,1,2,43,'','0',9,1,0,0);
INSERT INTO `eznode_assignment` (`contentobject_id`, `contentobject_version`, `from_node_id`, `id`, `is_main`, `op_code`, `parent_node`, `parent_remote_id`, `remote_id`, `sort_field`, `sort_order`, `priority`, `is_hidden`) VALUES (14,3,-1,38,1,2,13,'','0',1,1,0,0);

INSERT INTO `ezpackage` (`id`, `install_date`, `name`, `version`) VALUES (1,1301057838,'plain_site_data','1.0-1');

INSERT INTO `ezpolicy` (`function_name`, `id`, `module_name`, `original_id`, `role_id`) VALUES ('*',317,'content',0,3);
INSERT INTO `ezpolicy` (`function_name`, `id`, `module_name`, `original_id`, `role_id`) VALUES ('login',319,'user',0,3);
INSERT INTO `ezpolicy` (`function_name`, `id`, `module_name`, `original_id`, `role_id`) VALUES ('read',328,'content',0,1);
INSERT INTO `ezpolicy` (`function_name`, `id`, `module_name`, `original_id`, `role_id`) VALUES ('login',331,'user',0,1);
INSERT INTO `ezpolicy` (`function_name`, `id`, `module_name`, `original_id`, `role_id`) VALUES ('*',332,'*',0,2);
INSERT INTO `ezpolicy` (`function_name`, `id`, `module_name`, `original_id`, `role_id`) VALUES ('read',333,'content',0,4);
INSERT INTO `ezpolicy` (`function_name`, `id`, `module_name`, `original_id`, `role_id`) VALUES ('view_embed',334,'content',0,1);
INSERT INTO `ezpolicy` (`function_name`, `id`, `module_name`, `original_id`, `role_id`) VALUES ('*',340,'url',0,3);

INSERT INTO `ezpolicy_limitation` (`id`, `identifier`, `policy_id`) VALUES (251,'Section',328);
INSERT INTO `ezpolicy_limitation` (`id`, `identifier`, `policy_id`) VALUES (252,'Section',329);
INSERT INTO `ezpolicy_limitation` (`id`, `identifier`, `policy_id`) VALUES (253,'SiteAccess',331);
INSERT INTO `ezpolicy_limitation` (`id`, `identifier`, `policy_id`) VALUES (254,'Class',333);
INSERT INTO `ezpolicy_limitation` (`id`, `identifier`, `policy_id`) VALUES (255,'Owner',333);
INSERT INTO `ezpolicy_limitation` (`id`, `identifier`, `policy_id`) VALUES (256,'Class',334);

INSERT INTO `ezpolicy_limitation_value` (`id`, `limitation_id`, `value`) VALUES (477,251,'1');
INSERT INTO `ezpolicy_limitation_value` (`id`, `limitation_id`, `value`) VALUES (478,252,'1');
INSERT INTO `ezpolicy_limitation_value` (`id`, `limitation_id`, `value`) VALUES (479,253,'1766001124');
INSERT INTO `ezpolicy_limitation_value` (`id`, `limitation_id`, `value`) VALUES (480,254,'4');
INSERT INTO `ezpolicy_limitation_value` (`id`, `limitation_id`, `value`) VALUES (481,255,'1');
INSERT INTO `ezpolicy_limitation_value` (`id`, `limitation_id`, `value`) VALUES (482,256,'5');
INSERT INTO `ezpolicy_limitation_value` (`id`, `limitation_id`, `value`) VALUES (483,256,'12');

INSERT INTO `ezrole` (`id`, `is_new`, `name`, `value`, `version`) VALUES (1,0,'Anonymous','',0);
INSERT INTO `ezrole` (`id`, `is_new`, `name`, `value`, `version`) VALUES (2,0,'Administrator','0',0);
INSERT INTO `ezrole` (`id`, `is_new`, `name`, `value`, `version`) VALUES (3,0,'Editor','',0);
INSERT INTO `ezrole` (`id`, `is_new`, `name`, `value`, `version`) VALUES (4,0,'Member','',0);

INSERT INTO `ezsection` (`id`, `identifier`, `locale`, `name`, `navigation_part_identifier`) VALUES (1,'standard','','Standard','ezcontentnavigationpart');
INSERT INTO `ezsection` (`id`, `identifier`, `locale`, `name`, `navigation_part_identifier`) VALUES (2,'users','','Users','ezusernavigationpart');
INSERT INTO `ezsection` (`id`, `identifier`, `locale`, `name`, `navigation_part_identifier`) VALUES (3,'media','','Media','ezmedianavigationpart');

INSERT INTO `ezsite_data` (`name`, `value`) VALUES ('ezpublish-release','1');
INSERT INTO `ezsite_data` (`name`, `value`) VALUES ('ezpublish-version','6.4.0');

INSERT INTO `ezurl` (`created`, `id`, `is_valid`, `last_checked`, `modified`, `original_url_md5`, `url`) VALUES (1448832197,23,1,0,1448832197,'f76e41d421b2a72232264943026a6ee5','https://doc.ez.no/display/USER/');
INSERT INTO `ezurl` (`created`, `id`, `is_valid`, `last_checked`, `modified`, `original_url_md5`, `url`) VALUES (1448832277,24,1,0,1505717756,'a00ab36edb35bb641cc027eb27410934','https://doc.ezplatform.com/en/latest/');
INSERT INTO `ezurl` (`created`, `id`, `is_valid`, `last_checked`, `modified`, `original_url_md5`, `url`) VALUES (1448832412,25,1,0,1505717756,'03c4188f5fdcb679192e25a7dad09c2d','https://doc.ezplatform.com/en/latest/tutorials/platform_beginner/building_a_bicycle_route_tracker_in_ez_platform/');
INSERT INTO `ezurl` (`created`, `id`, `is_valid`, `last_checked`, `modified`, `original_url_md5`, `url`) VALUES (1448832436,26,1,0,1505717756,'5af7e9599b5583ccd0103a400ddacfdd','https://doc.ez.no/display/MAIN/Transitioning+from+eZ+Publish+to+eZ+Platform%3A+Feature+Comparison');
INSERT INTO `ezurl` (`created`, `id`, `is_valid`, `last_checked`, `modified`, `original_url_md5`, `url`) VALUES (1448832661,27,1,0,1448832661,'f9bf96304c434139d0ff5773b6eee157','https://github.com/ezsystems');
INSERT INTO `ezurl` (`created`, `id`, `is_valid`, `last_checked`, `modified`, `original_url_md5`, `url`) VALUES (1448832661,28,1,0,1510739262,'265d537bfba0e5ed4e85fbcd7f30ea84','https://discuss.ezplatform.com');
INSERT INTO `ezurl` (`created`, `id`, `is_valid`, `last_checked`, `modified`, `original_url_md5`, `url`) VALUES (1448832661,29,1,0,1448832661,'7441963094866aa9d1cbb8a59cca541c','http://ez-community-on-slack.herokuapp.com/');

INSERT INTO `ezurl_object_link` (`contentobject_attribute_id`, `contentobject_attribute_version`, `url_id`) VALUES (104,9,23);
INSERT INTO `ezurl_object_link` (`contentobject_attribute_id`, `contentobject_attribute_version`, `url_id`) VALUES (104,9,24);
INSERT INTO `ezurl_object_link` (`contentobject_attribute_id`, `contentobject_attribute_version`, `url_id`) VALUES (104,9,25);
INSERT INTO `ezurl_object_link` (`contentobject_attribute_id`, `contentobject_attribute_version`, `url_id`) VALUES (104,9,26);
INSERT INTO `ezurl_object_link` (`contentobject_attribute_id`, `contentobject_attribute_version`, `url_id`) VALUES (104,9,27);
INSERT INTO `ezurl_object_link` (`contentobject_attribute_id`, `contentobject_attribute_version`, `url_id`) VALUES (104,9,28);
INSERT INTO `ezurl_object_link` (`contentobject_attribute_id`, `contentobject_attribute_version`, `url_id`) VALUES (104,9,29);
INSERT INTO `ezurl_object_link` (`contentobject_attribute_id`, `contentobject_attribute_version`, `url_id`) VALUES (104,9,23);
INSERT INTO `ezurl_object_link` (`contentobject_attribute_id`, `contentobject_attribute_version`, `url_id`) VALUES (104,9,24);
INSERT INTO `ezurl_object_link` (`contentobject_attribute_id`, `contentobject_attribute_version`, `url_id`) VALUES (104,9,25);
INSERT INTO `ezurl_object_link` (`contentobject_attribute_id`, `contentobject_attribute_version`, `url_id`) VALUES (104,9,26);
INSERT INTO `ezurl_object_link` (`contentobject_attribute_id`, `contentobject_attribute_version`, `url_id`) VALUES (104,9,27);
INSERT INTO `ezurl_object_link` (`contentobject_attribute_id`, `contentobject_attribute_version`, `url_id`) VALUES (104,9,28);
INSERT INTO `ezurl_object_link` (`contentobject_attribute_id`, `contentobject_attribute_version`, `url_id`) VALUES (104,9,29);

INSERT INTO `ezurlalias` (`destination_url`, `forward_to_id`, `id`, `is_imported`, `is_internal`, `is_wildcard`, `source_md5`, `source_url`) VALUES ('content/view/full/2',0,12,1,1,0,'d41d8cd98f00b204e9800998ecf8427e','');
INSERT INTO `ezurlalias` (`destination_url`, `forward_to_id`, `id`, `is_imported`, `is_internal`, `is_wildcard`, `source_md5`, `source_url`) VALUES ('content/view/full/5',0,13,1,1,0,'9bc65c2abec141778ffaa729489f3e87','users');
INSERT INTO `ezurlalias` (`destination_url`, `forward_to_id`, `id`, `is_imported`, `is_internal`, `is_wildcard`, `source_md5`, `source_url`) VALUES ('content/view/full/12',0,15,1,1,0,'02d4e844e3a660857a3f81585995ffe1','users/guest_accounts');
INSERT INTO `ezurlalias` (`destination_url`, `forward_to_id`, `id`, `is_imported`, `is_internal`, `is_wildcard`, `source_md5`, `source_url`) VALUES ('content/view/full/13',0,16,1,1,0,'1b1d79c16700fd6003ea7be233e754ba','users/administrator_users');
INSERT INTO `ezurlalias` (`destination_url`, `forward_to_id`, `id`, `is_imported`, `is_internal`, `is_wildcard`, `source_md5`, `source_url`) VALUES ('content/view/full/14',0,17,1,1,0,'0bb9dd665c96bbc1cf36b79180786dea','users/editors');
INSERT INTO `ezurlalias` (`destination_url`, `forward_to_id`, `id`, `is_imported`, `is_internal`, `is_wildcard`, `source_md5`, `source_url`) VALUES ('content/view/full/15',0,18,1,1,0,'f1305ac5f327a19b451d82719e0c3f5d','users/administrator_users/administrator_user');
INSERT INTO `ezurlalias` (`destination_url`, `forward_to_id`, `id`, `is_imported`, `is_internal`, `is_wildcard`, `source_md5`, `source_url`) VALUES ('content/view/full/43',0,20,1,1,0,'62933a2951ef01f4eafd9bdf4d3cd2f0','media');
INSERT INTO `ezurlalias` (`destination_url`, `forward_to_id`, `id`, `is_imported`, `is_internal`, `is_wildcard`, `source_md5`, `source_url`) VALUES ('content/view/full/44',0,21,1,1,0,'3ae1aac958e1c82013689d917d34967a','users/anonymous_users');
INSERT INTO `ezurlalias` (`destination_url`, `forward_to_id`, `id`, `is_imported`, `is_internal`, `is_wildcard`, `source_md5`, `source_url`) VALUES ('content/view/full/45',0,22,1,1,0,'aad93975f09371695ba08292fd9698db','users/anonymous_users/anonymous_user');
INSERT INTO `ezurlalias` (`destination_url`, `forward_to_id`, `id`, `is_imported`, `is_internal`, `is_wildcard`, `source_md5`, `source_url`) VALUES ('content/view/full/51',0,28,1,1,0,'38985339d4a5aadfc41ab292b4527046','media/images');
INSERT INTO `ezurlalias` (`destination_url`, `forward_to_id`, `id`, `is_imported`, `is_internal`, `is_wildcard`, `source_md5`, `source_url`) VALUES ('content/view/full/52',0,29,1,1,0,'ad5a8c6f6aac3b1b9df267fe22e7aef6','media/files');
INSERT INTO `ezurlalias` (`destination_url`, `forward_to_id`, `id`, `is_imported`, `is_internal`, `is_wildcard`, `source_md5`, `source_url`) VALUES ('content/view/full/53',0,30,1,1,0,'562a0ac498571c6c3529173184a2657c','media/multimedia');

INSERT INTO `ezurlalias_ml` (`action`, `action_type`, `alias_redirects`, `id`, `is_alias`, `is_original`, `lang_mask`, `link`, `parent`, `text`, `text_md5`) VALUES ('nop:','nop',1,17,0,0,1,17,0,'media2','50e2736330de124f6edea9b008556fe6');
INSERT INTO `ezurlalias_ml` (`action`, `action_type`, `alias_redirects`, `id`, `is_alias`, `is_original`, `lang_mask`, `link`, `parent`, `text`, `text_md5`) VALUES ('eznode:43','eznode',1,9,0,1,3,9,0,'Media','62933a2951ef01f4eafd9bdf4d3cd2f0');
INSERT INTO `ezurlalias_ml` (`action`, `action_type`, `alias_redirects`, `id`, `is_alias`, `is_original`, `lang_mask`, `link`, `parent`, `text`, `text_md5`) VALUES ('nop:','nop',1,3,0,0,1,3,0,'users2','86425c35a33507d479f71ade53a669aa');
INSERT INTO `ezurlalias_ml` (`action`, `action_type`, `alias_redirects`, `id`, `is_alias`, `is_original`, `lang_mask`, `link`, `parent`, `text`, `text_md5`) VALUES ('eznode:5','eznode',1,2,0,1,3,2,0,'Users','9bc65c2abec141778ffaa729489f3e87');
INSERT INTO `ezurlalias_ml` (`action`, `action_type`, `alias_redirects`, `id`, `is_alias`, `is_original`, `lang_mask`, `link`, `parent`, `text`, `text_md5`) VALUES ('eznode:2','eznode',1,1,0,1,3,1,0,'','d41d8cd98f00b204e9800998ecf8427e');
INSERT INTO `ezurlalias_ml` (`action`, `action_type`, `alias_redirects`, `id`, `is_alias`, `is_original`, `lang_mask`, `link`, `parent`, `text`, `text_md5`) VALUES ('eznode:14','eznode',1,6,0,1,3,6,2,'Editors','a147e136bfa717592f2bd70bd4b53b17');
INSERT INTO `ezurlalias_ml` (`action`, `action_type`, `alias_redirects`, `id`, `is_alias`, `is_original`, `lang_mask`, `link`, `parent`, `text`, `text_md5`) VALUES ('eznode:44','eznode',1,10,0,1,3,10,2,'Anonymous-Users','c2803c3fa1b0b5423237b4e018cae755');
INSERT INTO `ezurlalias_ml` (`action`, `action_type`, `alias_redirects`, `id`, `is_alias`, `is_original`, `lang_mask`, `link`, `parent`, `text`, `text_md5`) VALUES ('eznode:12','eznode',1,4,0,1,3,4,2,'Guest-accounts','e57843d836e3af8ab611fde9e2139b3a');
INSERT INTO `ezurlalias_ml` (`action`, `action_type`, `alias_redirects`, `id`, `is_alias`, `is_original`, `lang_mask`, `link`, `parent`, `text`, `text_md5`) VALUES ('eznode:13','eznode',1,5,0,1,3,5,2,'Administrator-users','f89fad7f8a3abc8c09e1deb46a420007');
INSERT INTO `ezurlalias_ml` (`action`, `action_type`, `alias_redirects`, `id`, `is_alias`, `is_original`, `lang_mask`, `link`, `parent`, `text`, `text_md5`) VALUES ('nop:','nop',1,11,0,0,1,11,3,'anonymous_users2','505e93077a6dde9034ad97a14ab022b1');
INSERT INTO `ezurlalias_ml` (`action`, `action_type`, `alias_redirects`, `id`, `is_alias`, `is_original`, `lang_mask`, `link`, `parent`, `text`, `text_md5`) VALUES ('eznode:12','eznode',1,26,0,0,1,4,3,'guest_accounts','70bb992820e73638731aa8de79b3329e');
INSERT INTO `ezurlalias_ml` (`action`, `action_type`, `alias_redirects`, `id`, `is_alias`, `is_original`, `lang_mask`, `link`, `parent`, `text`, `text_md5`) VALUES ('eznode:14','eznode',1,29,0,0,1,6,3,'editors','a147e136bfa717592f2bd70bd4b53b17');
INSERT INTO `ezurlalias_ml` (`action`, `action_type`, `alias_redirects`, `id`, `is_alias`, `is_original`, `lang_mask`, `link`, `parent`, `text`, `text_md5`) VALUES ('nop:','nop',1,7,0,0,1,7,3,'administrator_users2','a7da338c20bf65f9f789c87296379c2a');
INSERT INTO `ezurlalias_ml` (`action`, `action_type`, `alias_redirects`, `id`, `is_alias`, `is_original`, `lang_mask`, `link`, `parent`, `text`, `text_md5`) VALUES ('eznode:13','eznode',1,27,0,0,1,5,3,'administrator_users','aeb8609aa933b0899aa012c71139c58c');
INSERT INTO `ezurlalias_ml` (`action`, `action_type`, `alias_redirects`, `id`, `is_alias`, `is_original`, `lang_mask`, `link`, `parent`, `text`, `text_md5`) VALUES ('eznode:44','eznode',1,30,0,0,1,10,3,'anonymous_users','e9e5ad0c05ee1a43715572e5cc545926');
INSERT INTO `ezurlalias_ml` (`action`, `action_type`, `alias_redirects`, `id`, `is_alias`, `is_original`, `lang_mask`, `link`, `parent`, `text`, `text_md5`) VALUES ('eznode:15','eznode',1,8,0,1,3,8,5,'Administrator-User','5a9d7b0ec93173ef4fedee023209cb61');
INSERT INTO `ezurlalias_ml` (`action`, `action_type`, `alias_redirects`, `id`, `is_alias`, `is_original`, `lang_mask`, `link`, `parent`, `text`, `text_md5`) VALUES ('eznode:15','eznode',1,28,0,0,0,8,7,'administrator_user','a3cca2de936df1e2f805710399989971');
INSERT INTO `ezurlalias_ml` (`action`, `action_type`, `alias_redirects`, `id`, `is_alias`, `is_original`, `lang_mask`, `link`, `parent`, `text`, `text_md5`) VALUES ('eznode:53','eznode',1,20,0,1,3,20,9,'Multimedia','2e5bc8831f7ae6a29530e7f1bbf2de9c');
INSERT INTO `ezurlalias_ml` (`action`, `action_type`, `alias_redirects`, `id`, `is_alias`, `is_original`, `lang_mask`, `link`, `parent`, `text`, `text_md5`) VALUES ('eznode:52','eznode',1,19,0,1,3,19,9,'Files','45b963397aa40d4a0063e0d85e4fe7a1');
INSERT INTO `ezurlalias_ml` (`action`, `action_type`, `alias_redirects`, `id`, `is_alias`, `is_original`, `lang_mask`, `link`, `parent`, `text`, `text_md5`) VALUES ('eznode:51','eznode',1,18,0,1,3,18,9,'Images','59b514174bffe4ae402b3d63aad79fe0');
INSERT INTO `ezurlalias_ml` (`action`, `action_type`, `alias_redirects`, `id`, `is_alias`, `is_original`, `lang_mask`, `link`, `parent`, `text`, `text_md5`) VALUES ('eznode:45','eznode',1,12,0,1,3,12,10,'Anonymous-User','ccb62ebca03a31272430bc414bd5cd5b');
INSERT INTO `ezurlalias_ml` (`action`, `action_type`, `alias_redirects`, `id`, `is_alias`, `is_original`, `lang_mask`, `link`, `parent`, `text`, `text_md5`) VALUES ('eznode:45','eznode',1,31,0,0,1,12,11,'anonymous_user','c593ec85293ecb0e02d50d4c5c6c20eb');
INSERT INTO `ezurlalias_ml` (`action`, `action_type`, `alias_redirects`, `id`, `is_alias`, `is_original`, `lang_mask`, `link`, `parent`, `text`, `text_md5`) VALUES ('eznode:53','eznode',1,34,0,0,1,20,17,'multimedia','2e5bc8831f7ae6a29530e7f1bbf2de9c');
INSERT INTO `ezurlalias_ml` (`action`, `action_type`, `alias_redirects`, `id`, `is_alias`, `is_original`, `lang_mask`, `link`, `parent`, `text`, `text_md5`) VALUES ('eznode:52','eznode',1,33,0,0,1,19,17,'files','45b963397aa40d4a0063e0d85e4fe7a1');
INSERT INTO `ezurlalias_ml` (`action`, `action_type`, `alias_redirects`, `id`, `is_alias`, `is_original`, `lang_mask`, `link`, `parent`, `text`, `text_md5`) VALUES ('eznode:51','eznode',1,32,0,0,1,18,17,'images','59b514174bffe4ae402b3d63aad79fe0');

INSERT INTO `ezurlalias_ml_incr` (`id`) VALUES (1);
INSERT INTO `ezurlalias_ml_incr` (`id`) VALUES (2);
INSERT INTO `ezurlalias_ml_incr` (`id`) VALUES (3);
INSERT INTO `ezurlalias_ml_incr` (`id`) VALUES (4);
INSERT INTO `ezurlalias_ml_incr` (`id`) VALUES (5);
INSERT INTO `ezurlalias_ml_incr` (`id`) VALUES (6);
INSERT INTO `ezurlalias_ml_incr` (`id`) VALUES (7);
INSERT INTO `ezurlalias_ml_incr` (`id`) VALUES (8);
INSERT INTO `ezurlalias_ml_incr` (`id`) VALUES (9);
INSERT INTO `ezurlalias_ml_incr` (`id`) VALUES (10);
INSERT INTO `ezurlalias_ml_incr` (`id`) VALUES (11);
INSERT INTO `ezurlalias_ml_incr` (`id`) VALUES (12);
INSERT INTO `ezurlalias_ml_incr` (`id`) VALUES (13);
INSERT INTO `ezurlalias_ml_incr` (`id`) VALUES (14);
INSERT INTO `ezurlalias_ml_incr` (`id`) VALUES (15);
INSERT INTO `ezurlalias_ml_incr` (`id`) VALUES (16);
INSERT INTO `ezurlalias_ml_incr` (`id`) VALUES (17);
INSERT INTO `ezurlalias_ml_incr` (`id`) VALUES (18);
INSERT INTO `ezurlalias_ml_incr` (`id`) VALUES (19);
INSERT INTO `ezurlalias_ml_incr` (`id`) VALUES (20);
INSERT INTO `ezurlalias_ml_incr` (`id`) VALUES (21);
INSERT INTO `ezurlalias_ml_incr` (`id`) VALUES (22);
INSERT INTO `ezurlalias_ml_incr` (`id`) VALUES (24);
INSERT INTO `ezurlalias_ml_incr` (`id`) VALUES (25);
INSERT INTO `ezurlalias_ml_incr` (`id`) VALUES (26);
INSERT INTO `ezurlalias_ml_incr` (`id`) VALUES (27);
INSERT INTO `ezurlalias_ml_incr` (`id`) VALUES (28);
INSERT INTO `ezurlalias_ml_incr` (`id`) VALUES (29);
INSERT INTO `ezurlalias_ml_incr` (`id`) VALUES (30);
INSERT INTO `ezurlalias_ml_incr` (`id`) VALUES (31);
INSERT INTO `ezurlalias_ml_incr` (`id`) VALUES (32);
INSERT INTO `ezurlalias_ml_incr` (`id`) VALUES (33);
INSERT INTO `ezurlalias_ml_incr` (`id`) VALUES (34);
INSERT INTO `ezurlalias_ml_incr` (`id`) VALUES (35);
INSERT INTO `ezurlalias_ml_incr` (`id`) VALUES (36);
INSERT INTO `ezurlalias_ml_incr` (`id`) VALUES (37);

INSERT INTO `ezuser` (`contentobject_id`, `email`, `login`, `password_hash`, `password_hash_type`) VALUES (10,'nospam@ez.no','anonymous','$2y$10$35gOSQs6JK4u4whyERaeUuVeQBi2TUBIZIfP7HEj7sfz.MxvTuOeC',7);
INSERT INTO `ezuser` (`contentobject_id`, `email`, `login`, `password_hash`, `password_hash_type`) VALUES (14,'nospam@ez.no','admin','$2y$10$FDn9NPwzhq85cLLxfD5Wu.L3SL3Z/LNCvhkltJUV0wcJj7ciJg2oy',7);

INSERT INTO `ezuser_role` (`contentobject_id`, `id`, `limit_identifier`, `limit_value`, `role_id`) VALUES (11,28,'','',1);
INSERT INTO `ezuser_role` (`contentobject_id`, `id`, `limit_identifier`, `limit_value`, `role_id`) VALUES (42,31,'','',1);
INSERT INTO `ezuser_role` (`contentobject_id`, `id`, `limit_identifier`, `limit_value`, `role_id`) VALUES (13,32,'Subtree','/1/2/',3);
INSERT INTO `ezuser_role` (`contentobject_id`, `id`, `limit_identifier`, `limit_value`, `role_id`) VALUES (13,33,'Subtree','/1/43/',3);
INSERT INTO `ezuser_role` (`contentobject_id`, `id`, `limit_identifier`, `limit_value`, `role_id`) VALUES (12,34,'','',2);
INSERT INTO `ezuser_role` (`contentobject_id`, `id`, `limit_identifier`, `limit_value`, `role_id`) VALUES (13,35,'','',4);

INSERT INTO `ezuser_setting` (`is_enabled`, `max_login`, `user_id`) VALUES (1,1000,10);
INSERT INTO `ezuser_setting` (`is_enabled`, `max_login`, `user_id`) VALUES (1,10,14);
